# BE-3 SPW KiWIS series of the groups 1962373 and 1962340 with a registered parameter (H, H_sonde, Habs, Habs_sonde,
# Q, QADM): identification only (station number, operator, parameter, unit, name, WGS84 position and water as SPW
# publishes them; invariant 11). Extracted by `node scripts/gen-be3-stations.ts --extract <export dir>` from the owner's
# archive export of be-3-meta (never committed); the generator turns it into registry/stations/be-3.yaml.
station_no,operator,parameter,unit,name,lat,lon,water_name
1046,DGH,H,m,BIERGES,50.710582721989,4.60612935738496,Dyle
1046,DGH,Q,m³/s,BIERGES,50.710582721989,4.60612935738496,Dyle
1081,DGH,H_sonde,m,BOUSVAL,50.6130958442321,4.50525036985388,Dyle
1951,DGH,H,m,TUBIZE,50.6902561456463,4.19644630975509,Senne
1951,DGH,Q,m³/s,TUBIZE,50.6902561456463,4.19644630975509,Senne
2341,DGH,H,m,CLABECQ,50.6805773451218,4.23326986610499,Hain
2341,DGH,Q,m³/s,CLABECQ,50.6805773451218,4.23326986610499,Hain
2371,DGH,H,m,RONQUIERES,50.6059234827651,4.22480885387823,Samme
2371,DGH,Q,m³/s,RONQUIERES,50.6059234827651,4.22480885387823,Samme
2473,DGH,H,m,OISQUERCQ,50.6668538293959,4.22172411130213,Canal Charleroi-Bruxelles (Senne)
2483,DGH,H,m,RONQUIERES Bief Aval,50.6080359106125,4.22461878987814,Canal Charleroi-Bruxelles (Senne)
2492,DGH,H_sonde,m,RONQUIERES Anc Canal,50.6011406709453,4.23223927922836,Ancien canal Charleroi-Bruxelles
2536,DGH,H,m,GOUY,50.4911921837097,4.30848642622926,Piéton
2536,DGH,Q,m³/s,GOUY,50.4911921837097,4.30848642622926,Piéton
2707,DGH,H,m,LESSINES Bief Amont,50.7106703879497,3.83489033942828,Dendre Canalisée
2708,DGH,QADM,m³/s,LESSINES US,50.7050278859051,3.83560536771653,Dendre Canalisée
2713,DGH,H,m,PAPIGNIES Bief Aval,50.6832938335524,3.82863392601291,Dendre Canalisée
2952,DGH,H,m,IRCHONWELZ,50.6189025700288,3.75166128771167,Dendre Occidentale
2952,DGH,Q,m³/s,IRCHONWELZ,50.6189025700288,3.75166128771167,Dendre Occidentale
2971,DGH,H,m,ATH,50.6335212063431,3.77783355381171,Dendre Orientale
2971,DGH,Q,m³/s,ATH,50.6335212063431,3.77783355381171,Dendre Orientale
3270,DGH,Habs_sonde,m,PECQ,50.6892525918847,3.34424167013554,Escaut
3274,DGH,H,m,KAIN Aval Bar-Ecluse,50.6288739773361,3.37072832778531,Escaut
3276,DGH,H,m,KAIN Amont Bar-Ecl,50.6255555594853,3.37379483697375,Escaut
3282,DGH,QADM,m³/s,TOURNAI,50.6085086422911,3.39078341033867,Escaut
3561,DGH,H,m,BOUSSOIT,50.4613519141698,4.08660344045252,Haine
3561,DGH,Q,m³/s,BOUSSOIT,50.4613519141698,4.08660344045252,Haine
3643,DGH,H,m,HYON,50.4427234414362,3.9643858742062,Trouille
3643,DGH,Q,m³/s,HYON,50.4427234414362,3.9643858742062,Trouille
3778,DGH,H,m,SAINT-DENIS,50.4907319333999,4.0199956321724,Obrecheuil
3778,DGH,Q,m³/s,SAINT-DENIS,50.4907319333999,4.0199956321724,Obrecheuil
3884,DGH,H,m,COMINES Aval Bar-Ecl,50.7625259845546,2.99557086006732,Lys
3886,DGH,H,m,COMINES Amont B-Ecl,50.7586989330144,2.98515019230688,Lys
3891,DGH,H,m,PLOEGSTEERT,50.695831696389,2.90899156949704,Lys
5291,DGH,H,m,KELMIS (LA CALAMINE),50.7086806864066,6.00185296905441,Gueule
5291,DGH,Q,m³/s,KELMIS (LA CALAMINE),50.7086806864066,6.00185296905441,Gueule
5436,DGH,H,m,LIXHE Aval,50.759883856723,5.68087119300662,Basse Meuse
5436,DGH,Q,m³/s,LIXHE Aval,50.759883856723,5.68087119300662,Basse Meuse
5447,DGH,H,m,LIXHE Bief Amont,50.7458794332347,5.68932370705599,Basse Meuse
5451,DGH,QADM,m³/s,VISE,50.7258988746951,5.69030751519665,Basse Meuse
5572,DGH,H,m,BERGILERS Amont,50.719605929598,5.31705664763385,Geer
5572,DGH,Q,m³/s,BERGILERS Amont,50.719605929598,5.31705664763385,Geer
5771,DGH,QADM,m³/s,HACCOURT,50.7352589163208,5.67589217024412,Canal Albert
5796,DGH,H,m,MAREXHE,50.6552207876055,5.62243119498051,Canal Albert
5803,DGH,H_sonde,m,ANGLEUR Aval RD,50.6151626782273,5.60323647777557,Ourthe inférieure
5804,DGH,H,m,ANGLEUR GR BAT. Av,50.6144233725828,5.60597278507372,Ourthe inférieure
5806,DGH,H,m,ANGLEUR GR BAT. Am,50.6127770934171,5.61112985260064,Ourthe inférieure
5808,DGH,Q,m³/s,ANGLEUR (2 BIS),50.6114188430133,5.61202673290491,Ourthe inférieure
5811,DGH,H_sonde,m,STREUPAS,50.6043998321945,5.60665677962622,Ourthe inférieure
5826,DGH,H,m,SAUHEID,50.5966239535568,5.5911684943194,Ourthe inférieure
5826,DGH,Q,m³/s,SAUHEID,50.5966239535568,5.5911684943194,Ourthe inférieure
5857,DGH,H,m,MERY,50.5479856578983,5.5881469901898,Ourthe inférieure
5896,DGH,H_sonde,m,CHANXHE,50.4957698101114,5.590988289041,Ourthe inférieure
5904,DGH,H,m,COMBLAIN-AU-PONT,50.4858821608902,5.58298182529795,Ourthe moyenne
5904,DGH,Q,m³/s,COMBLAIN-AU-PONT,50.4858821608902,5.58298182529795,Ourthe moyenne
5921,DGH,H,m,TABREUX,50.4379714902009,5.53511135031513,Ourthe moyenne
5921,DGH,Q,m³/s,TABREUX,50.4379714902009,5.53511135031513,Ourthe moyenne
5922,DGH,H_sonde,m,HAMOIR,50.4258674465749,5.53616472777943,Ourthe moyenne
5953,DGH,H,m,DURBUY,50.3526875025289,5.45549816372259,Ourthe moyenne
5953,DGH,Q,m³/s,DURBUY,50.3526875025289,5.45549816372259,Ourthe moyenne
5962,DGH,H,m,HOTTON,50.2709293976854,5.43899756471245,Ourthe moyenne
5962,DGH,Q,m³/s,HOTTON,50.2709293976854,5.43899756471245,Ourthe moyenne
5991,DGH,H,m,NISRAMONT,50.1398075641211,5.67322647155978,Ourthe supérieure
5991,DGH,Q,m³/s,NISRAMONT,50.1398075641211,5.67322647155978,Ourthe supérieure
5997,DGH,Habs_sonde,m,NISRAMONT (LAC) Amt,50.1435074937591,5.66406483366671,Ourthe supérieure
6021,DGH,H,m,MABOMPRE,50.1360840449774,5.72174036077074,Ourthe Orientale
6021,DGH,Q,m³/s,MABOMPRE,50.1360840449774,5.72174036077074,Ourthe Orientale
6122,DGH,H,m,ORTHO,50.1067917706187,5.64645838373409,Ourthe Occidentale
6122,DGH,Q,m³/s,ORTHO,50.1067917706187,5.64645838373409,Ourthe Occidentale
6228,DGH,H,m,CHAUDFONTAINE Pisc,50.5894603975804,5.65363749806279,Vesdre
6228,DGH,Q,m³/s,CHAUDFONTAINE Pisc,50.5894603975804,5.65363749806279,Vesdre
6229,DGH,H_sonde,m,CHAUDFONTAINE Pont,50.5883944752985,5.65326953312667,Vesdre
6229,DGH,Q,m³/s,CHAUDFONTAINE Pont,50.5883944752985,5.65326953312667,Vesdre
6353,DGH,H_sonde,m,DOLHAIN,50.6120446508153,5.94511628435517,Vesdre
6353,DGH,Q,m³/s,DOLHAIN,50.6120446508153,5.94511628435517,Vesdre
6387,DGH,H,m,EUPEN,50.6227754264789,6.03757624216869,Vesdre
6387,DGH,Q,m³/s,EUPEN,50.6227754264789,6.03757624216869,Vesdre
6392,DGH,H_sonde,m,EUPEN Bellmerin,50.6202015502658,6.05099192484594,Vesdre
6392,DGH,Q,m³/s,EUPEN Bellmerin,50.6202015502658,6.05099192484594,Vesdre
640601,EUP,Habs,m,EUPEN LAC 1,50.6193357231605,6.09169277269554,Vesdre
6438,DGH,H_sonde,m,EUPEN Hütte,50.6093931435709,6.05036847512954,Helle
6438,DGH,Q,m³/s,EUPEN Hütte,50.6093931435709,6.05036847512954,Helle
6517,DGH,H,m,POLLEUR,50.536759825471,5.879244999171,Hoegne
6517,DGH,Q,m³/s,POLLEUR,50.536759825471,5.879244999171,Hoegne
6526,DGH,H,m,BELLEHEID,50.5082136054053,5.95994984084006,Hoegne
6526,DGH,Q,m³/s,BELLEHEID,50.5082136054053,5.95994984084006,Hoegne
656601,GIL,Habs,m,GILEPPE LAC 1,50.5888914591708,5.97521006971462,Gileppe
6621,DGH,H,m,MARTINRIVE,50.4788933403951,5.63712368341341,Amblève
6621,DGH,Q,m³/s,MARTINRIVE,50.4788933403951,5.63712368341341,Amblève
6651,DGH,H,m,REMOUCHAMPS,50.4798545071661,5.71012964639935,Amblève
6671,DGH,H,m,TARGNON,50.4134354089847,5.77597957328469,Amblève
6671,DGH,Q,m³/s,TARGNON,50.4134354089847,5.77597957328469,Amblève
6732,DGH,H,m,STAVELOT,50.3779667667339,5.88483537967308,Amblève
6732,DGH,Q,m³/s,STAVELOT,50.3779667667339,5.88483537967308,Amblève
6753,DGH,H,m,LASNENVILLE,50.3796926391613,6.00919200157931,Amblève
6753,DGH,Q,m³/s,LASNENVILLE,50.3796926391613,6.00919200157931,Amblève
6804,DGH,H_sonde,m,CHEVRON Pont,50.3964432141313,5.7574140862504,Lienne
6804,DGH,Q,m³/s,CHEVRON Pont,50.3964432141313,5.7574140862504,Lienne
6832,DGH,H,m,TROIS-PONTS,50.3638094659119,5.87613123272315,Salm
6832,DGH,Q,m³/s,TROIS-PONTS,50.3638094659119,5.87613123272315,Salm
6933,DGH,H,m,MALMEDY,50.4258890833322,6.02175643323402,Warche
6933,DGH,Q,m³/s,MALMEDY,50.4258890833322,6.02175643323402,Warche
6946,DGH,H,m,BEVERCE,50.4406196109308,6.04430742122036,Warche
6946,DGH,Q,m³/s,BEVERCE,50.4406196109308,6.04430742122036,Warche
6971,DGH,H,m,WIRTZFELD,50.4254557714781,6.25891471222233,Holzwarche
6971,DGH,Q,m³/s,WIRTZFELD,50.4254557714781,6.25891471222233,Holzwarche
6981,DGH,H,m,BULLINGEN,50.409719036386,6.2632412156363,Warche
6981,DGH,Q,m³/s,BULLINGEN,50.409719036386,6.2632412156363,Warche
6991,DGH,H,m,MALMEDY  Warchenne,50.4239065324628,6.03338469739167,Warchenne
6991,DGH,Q,m³/s,MALMEDY  Warchenne,50.4239065324628,6.03338469739167,Warchenne
7102,DGH,Habs_sonde,m,LIEGE,50.6126560747225,5.57729725359624,Meuse moyenne
7117,DGH,H,m,IVOZ-RAMET Bief Am,50.5888665525447,5.4450712181874,Meuse moyenne
7132,DGH,QADM,m³/s,AMAY,50.5364770872078,5.3177713182546,Meuse moyenne
7133,DGH,H,m,NEUVILLE Bief Aval,50.5319846049749,5.30854044247458,Meuse moyenne
7137,DGH,H,m,AMPSIN Bief Amont,50.5354876527505,5.28870500500236,Meuse moyenne
7141,DGH,H,m,HUY,50.5164135163075,5.23421331783582,Meuse moyenne
7197,DGH,H,m,GRD-MALADES Bief Am,50.4675803967324,4.89567049210182,Meuse moyenne
7228,DGH,H,m,MODAVE,50.4478510366644,5.28556690664971,Hoyoux
7228,DGH,Q,m³/s,MODAVE,50.4478510366644,5.28556690664971,Hoyoux
7242,DGH,H,m,MOHA,50.5508864825373,5.18405740566467,Mehaigne
7244,DGH,H,m,HUCCORGNE,50.5675065731219,5.16771514903217,Mehaigne
7244,DGH,Q,m³/s,HUCCORGNE,50.5675065731219,5.16771514903217,Mehaigne
7319,DGH,QADM,m³/s,SALZINNES Ronet,50.4599544812943,4.83291275354829,Basse Sambre
7371,DGH,QADM,m³/s,CHATELET,50.4074451630734,4.5194834054327,Basse Sambre
7394,DGH,H,m,MONCEAU Aval Bar-Ecl,50.3952443756497,4.38033466447232,Basse Sambre
7408,DGH,QADM,m³/s,LANDELIES US,50.3753781799651,4.34495235803726,Haute Sambre
7466,DGH,H,m,FONT-VALMONT Am B-E,50.3204222347347,4.22719981951963,Haute Sambre
7474,DGH,H,m,LA BUISSIERE Av B-E,50.3143913446988,4.19523368695653,Haute Sambre
7487,DGH,QADM,m³/s,SOLRE,50.3091915659649,4.14117485489768,Haute Sambre
7711,DGH,H,m,JAMIOULX,50.3583967323162,4.4044547737481,Eau d'Heure
7711,DGH,Q,m³/s,JAMIOULX,50.3583967323162,4.4044547737481,Eau d'Heure
7781,DGH,H,m,WALCOURT (GARE),50.2598197801927,4.43659315208913,Eau d'Heure
7781,DGH,Q,m³/s,WALCOURT (GARE),50.2598197801927,4.43659315208913,Eau d'Heure
7784,DGH,H,m,WALCOURT (SEUIL),50.2490728283921,4.4261600091169,Eau d'Heure
7784,DGH,Q,m³/s,WALCOURT (SEUIL),50.2490728283921,4.4261600091169,Eau d'Heure
7812,DGH,H,m,WALCOURT-VOGENEE,50.2484154938751,4.44353110831028,Ry d'Yves
7812,DGH,Q,m³/s,WALCOURT-VOGENEE,50.2484154938751,4.44353110831028,Ry d'Yves
7831,DGH,H,m,SILENRIEUX (BARRAGE),50.2170862065464,4.3981116569485,Eau d'Heure
7831,DGH,Q,m³/s,SILENRIEUX (BARRAGE),50.2170862065464,4.3981116569485,Eau d'Heure
7836,DGH,Habs,m,SILENRIEUX (LAC),50.2149379289358,4.39627485505964,Eau d'Heure
7843,DGH,H,m,BOUSSU-LEZ-WALCOURT,50.2148064536694,4.37161540076996,Ruisseau d'Erpion
7843,DGH,Q,m³/s,BOUSSU-LEZ-WALCOURT,50.2148064536694,4.37161540076996,Ruisseau d'Erpion
7863,DGH,H,m,SILENRIEUX (RY),50.207168627191,4.42477809477408,Ry Jaune
7863,DGH,Q,m³/s,SILENRIEUX (RY),50.207168627191,4.42477809477408,Ry Jaune
7883,DGH,H,m,SOUMOY,50.1894054201345,4.4373601580152,Ruisseau de Soumoy
7883,DGH,Q,m³/s,SOUMOY,50.1894054201345,4.4373601580152,Ruisseau de Soumoy
7891,DGH,H,m,CERFONTAINE,50.1753128137704,4.40876688761839,Eau d'Heure
7891,DGH,Q,m³/s,CERFONTAINE,50.1753128137704,4.40876688761839,Eau d'Heure
7944,DGH,H,m,WIHERIES,50.298913910057,4.17509237390395,Hantes
7944,DGH,Q,m³/s,WIHERIES,50.298913910057,4.17509237390395,Hantes
7978,DGH,H,m,BERSILLIES-L'ABBAYE,50.2610527813596,4.14868313548264,Thure
7978,DGH,Q,m³/s,BERSILLIES-L'ABBAYE,50.2610527813596,4.14868313548264,Thure
8001,DGH,Habs_sonde,m,NAMUR,50.4612749931291,4.86995296926426,Haute Meuse (aval Dinant)
8016,DGH,QADM,m³/s,TAILFER,50.3937018869131,4.88039357648777,Haute Meuse (aval Dinant)
8017,DGH,H,m,PROFONDEVILLE,50.3850334355129,4.87658552190183,Haute Meuse (aval Dinant)
8022,DGH,H,m,LUSTIN,50.3671578984207,4.87297844318265,Haute Meuse (aval Dinant)
8059,DGH,H,m,DINANT,50.2542962795093,4.91495816584235,Haute Meuse (aval Dinant)
8067,DGH,H,m,ANSEREMME Monia,50.2419138991552,4.89406731584809,Haute Meuse (amont Dinant)
8078,DGH,QADM,m³/s,WAULSORT,50.2078527027185,4.8496041126001,Haute Meuse (amont Dinant)
8133,DGH,H_sonde,m,YVOIR,50.3384767350493,4.90718919084365,Bocq
8133,DGH,Q,m³/s,YVOIR,50.3384767350493,4.90718919084365,Bocq
8163,DGH,H,m,WARNANT,50.304477469792,4.82927327273955,Molignée
8163,DGH,Q,m³/s,WARNANT,50.304477469792,4.82927327273955,Molignée
8166,DGH,H,m,SOSOYE,50.2983987885206,4.77683244332755,Molignée
8166,DGH,Q,m³/s,SOSOYE,50.2983987885206,4.77683244332755,Molignée
8181,DGH,H,m,FOY,50.2920211511069,4.81893573492453,Flavion
8181,DGH,Q,m³/s,FOY,50.2920211511069,4.81893573492453,Flavion
8221,DGH,H,m,GENDRON,50.2113270423334,4.96281486720209,Basse Lesse
8221,DGH,Q,m³/s,GENDRON,50.2113270423334,4.96281486720209,Basse Lesse
8231,DGH,H,m,HOUYET,50.1901304762494,5.0075880420837,Basse Lesse
8341,DGH,H,m,DAVERDISSE,50.0404715213607,5.12834165939739,Haute Lesse
8341,DGH,Q,m³/s,DAVERDISSE,50.0404715213607,5.12834165939739,Haute Lesse
8527,DGH,H,m,JEMELLE,50.1555735648526,5.26178020161282,Lhomme
8527,DGH,Q,m³/s,JEMELLE,50.1555735648526,5.26178020161282,Lhomme
8622,DGH,H,m,HASTIERE,50.2010874375799,4.79819922552722,Hermeton
8622,DGH,Q,m³/s,HASTIERE,50.2010874375799,4.79819922552722,Hermeton
8661,DGH,H,m,FELENNE,50.0428755126103,4.8443687487241,Houille
8661,DGH,Q,m³/s,FELENNE,50.0428755126103,4.8443687487241,Houille
8702,DGH,H,m,CHOOZ,50.092133299138,4.80652567200908,Haute Meuse (amont Dinant)
8702,DGH,Q,m³/s,CHOOZ,50.092133299138,4.80652567200908,Haute Meuse (amont Dinant)
9021,DGH,H,m,TREIGNES,50.0886264782466,4.67597464977044,Viroin
9021,DGH,Q,m³/s,TREIGNES,50.0886264782466,4.67597464977044,Viroin
9071,DGH,H,m,COUVIN,50.0409071592922,4.49970006665675,Eau Noire
9071,DGH,Q,m³/s,COUVIN,50.0409071592922,4.49970006665675,Eau Noire
9081,DGH,H,m,NISMES,50.0855478597689,4.55649808893709,Eau Blanche
9081,DGH,Q,m³/s,NISMES,50.0855478597689,4.55649808893709,Eau Blanche
9111,DGH,H,m,MARIEMBOURG,50.0945091292349,4.52833035311158,Brouffe
9111,DGH,Q,m³/s,MARIEMBOURG,50.0945091292349,4.52833035311158,Brouffe
9201,DGH,H,m,COUVIN Ry de Rome,50.0375058562061,4.50216146332806,Ry de Rome
9201,DGH,Q,m³/s,COUVIN Ry de Rome,50.0375058562061,4.50216146332806,Ry de Rome
9214,DGH,H,m,PETIGNY,50.0243363691681,4.5351705802585,Ry de Rome
9214,DGH,Q,m³/s,PETIGNY,50.0243363691681,4.5351705802585,Ry de Rome
9216,DGH,Habs,m,PETIGNY (Lac),50.0234465257906,4.53596333943908,Ry de Rome
9221,DGH,H,m,PETIGNY  Ry de Rome,50.0128305457841,4.55144017495415,Ry de Rome
9221,DGH,Q,m³/s,PETIGNY  Ry de Rome,50.0128305457841,4.55144017495415,Ry de Rome
9223,DGH,H,m,PETIGNY Ermitage,50.0134288209524,4.54249918430046,Ry de l'Ermitage
9223,DGH,Q,m³/s,PETIGNY Ermitage,50.0134288209524,4.54249918430046,Ry de l'Ermitage
9224,DGH,H,m,PETIGNY Fd Serpents,50.0220715129076,4.54663334897583,Ry du Font Aux Serpents
9224,DGH,Q,m³/s,PETIGNY Fd Serpents,50.0220715129076,4.54663334897583,Ry du Font Aux Serpents
9232,DGH,H,m,BRULY,49.9980653464837,4.51563591932548,Ry de Pernelle
9232,DGH,Q,m³/s,BRULY,49.9980653464837,4.51563591932548,Ry de Pernelle
9434,DGH,H,m,MEMBRE Pont,49.8637673609492,4.90200999678931,Basse Semois
9434,DGH,Q,m³/s,MEMBRE Pont,49.8637673609492,4.90200999678931,Basse Semois
9435,DGH,H,m,MEMBRE Amont,49.8755141630542,4.90869340122139,Basse Semois
9461,DGH,H,m,BOUILLON,49.7924572080678,5.06369803628619,Moyenne Semois
9461,DGH,Q,m³/s,BOUILLON,49.7924572080678,5.06369803628619,Moyenne Semois
9531,DGH,H,m,LACUISINE,49.7083650785944,5.32626941398789,Moyenne Semois
9541,DGH,H,m,CHINY,49.7452242879419,5.35025874500371,Moyenne Semois
9541,DGH,Q,m³/s,CHINY,49.7452242879419,5.35025874500371,Moyenne Semois
9561,DGH,H,m,TINTIGNY,49.687104683569,5.51812528716196,Haute Semois
9561,DGH,Q,m³/s,TINTIGNY,49.687104683569,5.51812528716196,Haute Semois
9571,DGH,H,m,SAINTE-MARIE,49.6848851323871,5.56361171961019,Haute Semois
9571,DGH,Q,m³/s,SAINTE-MARIE,49.6848851323871,5.56361171961019,Haute Semois
9651,DGH,H,m,STRAIMONT,49.7930305219234,5.38138935832895,Vierre
9651,DGH,Q,m³/s,STRAIMONT,49.7930305219234,5.38138935832895,Vierre
9741,DGH,H,m,TORGNY,49.508810743532,5.46612229891821,Chiers
9741,DGH,Q,m³/s,TORGNY,49.508810743532,5.46612229891821,Chiers
9914,DGH,H,m,REULAND,50.1882579336064,6.15180238357024,Our
9914,DGH,Q,m³/s,REULAND,50.1882579336064,6.15180238357024,Our
9926,DGH,H,m,SCHOENBERG,50.2892765219077,6.26346725492582,Our
9926,DGH,Q,m³/s,SCHOENBERG,50.2892765219077,6.26346725492582,Our
L5021,DCENN,H,m,Resteigne,50.0907260785366,5.17551185617744,Haute Lesse
L5021,DCENN,Q,m³/s,Resteigne,50.0907260785366,5.17551185617744,Haute Lesse
L5060,DCENN,H,m,Romedenne,50.1650542037902,4.7117812788986,Hermeton
L5060,DCENN,Q,m³/s,Romedenne,50.1650542037902,4.7117812788986,Hermeton
L5170,DCENN,H,m,Baisieux,50.3848038764999,3.69125448648238,Grande Honnelle
L5170,DCENN,Q,m³/s,Baisieux,50.3848038764999,3.69125448648238,Grande Honnelle
L5183,DCENN,H,m,Onoz,50.4833881428119,4.66716917882654,Orneau
L5183,DCENN,Q,m³/s,Onoz,50.4833881428119,4.66716917882654,Orneau
L5201,DCENN,H,m,Rhisnes,50.485582090877,4.83617977814837,Houyoux
L5201,DCENN,Q,m³/s,Rhisnes,50.485582090877,4.83617977814837,Houyoux
L5220,DCENN,H,m,Tintigny,49.696572855754,5.51812959333223,Rulles
L5220,DCENN,Q,m³/s,Tintigny,49.696572855754,5.51812959333223,Rulles
L5412,DCENN,H,m,Amougies,50.741108436752,3.49612522501325,Rhosnes
L5412,DCENN,Q,m³/s,Amougies,50.741108436752,3.49612522501325,Rhosnes
L5420,DCENN,H,m,Isières,50.662162283435,3.82374112042285,Sille
L5420,DCENN,Q,m³/s,Isières,50.662162283435,3.82374112042285,Sille
L5442,DCENN,H,m,Aiseau,50.4049997698804,4.58715293745817,Biesme
L5442,DCENN,Q,m³/s,Aiseau,50.4049997698804,4.58715293745817,Biesme
L5460,DCENN,H,m,Suzeril,50.6319893948985,4.5643322271728,Thyle
L5460,DCENN,Q,m³/s,Suzeril,50.6319893948985,4.5643322271728,Thyle
L5491,DCENN,H,m,Juzaine,50.3733370898116,5.53549105964945,Aisne
L5491,DCENN,Q,m³/s,Juzaine,50.3733370898116,5.53549105964945,Aisne
L5500,DCENN,H,m,Marbehan,49.7272267586673,5.53400894469937,Mellier
L5500,DCENN,Q,m³/s,Marbehan,49.7272267586673,5.53400894469937,Mellier
L5520,DCENN,H,m,Harnoncourt,49.5372868917015,5.49376610573495,Ton
L5520,DCENN,Q,m³/s,Harnoncourt,49.5372868917015,5.49376610573495,Ton
L5530,DCENN,H,m,Ochamps,49.9255867356293,5.27995716032691,Haute Lesse
L5530,DCENN,Q,m³/s,Ochamps,49.9255867356293,5.27995716032691,Haute Lesse
L5540,DCENN,H,m,Graide,49.9428614007776,5.06186906147981,Ruisseau de Graide
L5540,DCENN,Q,m³/s,Graide,49.9428614007776,5.06186906147981,Ruisseau de Graide
L5550,DCENN,H,m,Opont,49.9618782850091,5.1231637149597,Eau d'Our
L5550,DCENN,Q,m³/s,Opont,49.9618782850091,5.1231637149597,Eau d'Our
L5570,DCENN,H,m,Saint-Martin,50.505709411986,4.64980146228183,Ligne
L5570,DCENN,Q,m³/s,Saint-Martin,50.505709411986,4.64980146228183,Ligne
L5580,DCENN,H,m,Thioux,50.3870059898828,5.99175080797662,Warche
L5580,DCENN,Q,m³/s,Thioux,50.3870059898828,5.99175080797662,Warche
L5600,DCENN,H,m,Ruette,49.5523215422849,5.59571172138279,Vire
L5600,DCENN,Q,m³/s,Ruette,49.5523215422849,5.59571172138279,Vire
L5610,DCENN,H,m,Martelange,49.8337043400059,5.73926935709741,Sûre
L5610,DCENN,Q,m³/s,Martelange,49.8337043400059,5.73926935709741,Sûre
L5630,DCENN,H,m,Hamoir,50.4221970528891,5.51559671027222,Néblon
L5630,DCENN,Q,m³/s,Hamoir,50.4221970528891,5.51559671027222,Néblon
L5640,DCENN,H,m,Walcourt,50.2540490772559,4.43452352896452,Ry d'Yves
L5640,DCENN,Q,m³/s,Walcourt,50.2540490772559,4.43452352896452,Ry d'Yves
L5660,DCENN,H,m,Steenkerque,50.6421062498161,4.07110525565506,Senne
L5660,DCENN,Q,m³/s,Steenkerque,50.6421062498161,4.07110525565506,Senne
L5661,DCENN,H,m,Steenkerque,50.6403347155446,4.06739826403833,Senne
L5661,DCENN,Q,m³/s,Steenkerque,50.6403347155446,4.06739826403833,Senne
L5670,DCENN,H,m,Ronquières,50.6095888926416,4.22276329365557,Sennette
L5670,DCENN,Q,m³/s,Ronquières,50.6095888926416,4.22276329365557,Sennette
L5690,DCENN,H,m,Brugelette,50.5941072941492,3.85984854188656,Dendre Orientale
L5690,DCENN,Q,m³/s,Brugelette,50.5941072941492,3.85984854188656,Dendre Orientale
L5703,DCENN,H,m,Mesvin,50.430433658938,3.95928275821142,By
L5703,DCENN,Q,m³/s,Mesvin,50.430433658938,3.95928275821142,By
L5720,DCENN,H,m,Saint-Rémy-Geest,50.7438920392543,4.87204267566791,Grande Gette
L5720,DCENN,Q,m³/s,Saint-Rémy-Geest,50.7438920392543,4.87204267566791,Grande Gette
L5800,DCENN,H,m,Yvoir,50.3339135760749,4.89849883784928,Bocq
L5800,DCENN,Q,m³/s,Yvoir,50.3339135760749,4.89849883784928,Bocq
L5820,DCENN,H,m,Wanze,50.542051268599,5.21765326852068,Mehaigne
L5820,DCENN,Q,m³/s,Wanze,50.542051268599,5.21765326852068,Mehaigne
L5860,DCENN,H,m,Theux,50.5381251156651,5.81056109971605,Hoegne
L5860,DCENN,Q,m³/s,Theux,50.5381251156651,5.81056109971605,Hoegne
L5861,DCENN,H,m,Hoegne,50.5545082923391,5.80619133061352,Hoegne
L5861,DCENN,Q,m³/s,Hoegne,50.5545082923391,5.80619133061352,Hoegne
L5880,DCENN,H,m,Chantemelle,49.6559186538579,5.64871087790166,Semois
L5880,DCENN,Q,m³/s,Chantemelle,49.6559186538579,5.64871087790166,Semois
L5930,DCENN,H,m,Houffalize,50.1303240307761,5.79171609529508,Ourthe Orientale
L5930,DCENN,Q,m³/s,Houffalize,50.1303240307761,5.79171609529508,Ourthe Orientale
L5950,DCENN,H,m,Wyompont,50.0854105487081,5.57190249362,Ourthe Occidentale
L5950,DCENN,Q,m³/s,Wyompont,50.0854105487081,5.57190249362,Ourthe Occidentale
L5961,DCENN,H,m,Wiers,50.5145942459437,3.54360033597421,Verne de Bury
L5961,DCENN,Q,m³/s,Wiers,50.5145942459437,3.54360033597421,Verne de Bury
L5970,DCENN,H,m,Habay-la-Vieille,49.7256100442263,5.61823276601054,Rulles
L5970,DCENN,Q,m³/s,Habay-la-Vieille,49.7256100442263,5.61823276601054,Rulles
L5990,DCENN,H,m,Marchin,50.4925252814476,5.25446666543287,Hoyoux
L5990,DCENN,Q,m³/s,Marchin,50.4925252814476,5.25446666543287,Hoyoux
L6001,DCENN,H,m,Profondeville,50.3611963685071,4.8648196735136,Burnot
L6001,DCENN,Q,m³/s,Profondeville,50.3611963685071,4.8648196735136,Burnot
L6023,DCENN,H,m,Athus,49.5655113794726,5.83080789458289,Messancy
L6023,DCENN,Q,m³/s,Athus,49.5655113794726,5.83080789458289,Messancy
L6030,DCENN,H,m,Latour,49.555718452645,5.55076710013035,Vire
L6030,DCENN,Q,m³/s,Latour,49.555718452645,5.55076710013035,Vire
L6040,DCENN,H,m,Grandville,50.7191388797618,5.34430928169329,Yerne
L6040,DCENN,Q,m³/s,Grandville,50.7191388797618,5.34430928169329,Yerne
L6050,DCENN,H,m,Baillonville,50.2833636850276,5.34869744529101,Ruisseau d'Heure
L6050,DCENN,Q,m³/s,Baillonville,50.2833636850276,5.34869744529101,Ruisseau d'Heure
L6060,DCENN,H,m,Thy-le-Château,50.2828236865707,4.42513485818542,Thyria
L6060,DCENN,Q,m³/s,Thy-le-Château,50.2828236865707,4.42513485818542,Thyria
L6070,DCENN,H,m,Trois-Ponts,50.3715168785633,5.87189084516187,Salm
L6070,DCENN,Q,m³/s,Trois-Ponts,50.3715168785633,5.87189084516187,Salm
L6080,DCENN,H,m,Reuland,50.1965221352176,6.15066871880674,Ulf
L6080,DCENN,Q,m³/s,Reuland,50.1965221352176,6.15066871880674,Ulf
L6090,DCENN,H,m,Lommersweiler,50.2344944392825,6.15395503810673,Die Braunlauf
L6090,DCENN,Q,m³/s,Lommersweiler,50.2344944392825,6.15395503810673,Die Braunlauf
L6140,DCENN,H,m,Limelette,50.6853967192762,4.57591755648703,Dyle
L6140,DCENN,Q,m³/s,Limelette,50.6853967192762,4.57591755648703,Dyle
L6160,DCENN,H,m,Florival,50.7596305572752,4.64711097483199,Dyle
L6160,DCENN,Q,m³/s,Florival,50.7596305572752,4.64711097483199,Dyle
L6180,DCENN,H,m,Etalle,49.6757334358866,5.59988162411097,Semois
L6180,DCENN,Q,m³/s,Etalle,49.6757334358866,5.59988162411097,Semois
L6220,DCENN,H,m,Villers-devant-Orval,49.6177983441587,5.33448976224559,Marge
L6220,DCENN,Q,m³/s,Villers-devant-Orval,49.6177983441587,5.33448976224559,Marge
L6240,DCENN,H,m,Lorcé,50.409535531348,5.76906753968805,Lienne
L6240,DCENN,Q,m³/s,Lorcé,50.409535531348,5.76906753968805,Lienne
L6260,DCENN,H,m,Upigny,50.5806835523476,4.86404775730322,Mehaigne
L6260,DCENN,Q,m³/s,Upigny,50.5806835523476,4.86404775730322,Mehaigne
L6270,DCENN,H,m,Lavaux-Sainte-Anne,50.12083806447,5.09986331689282,Wimbe
L6270,DCENN,Q,m³/s,Lavaux-Sainte-Anne,50.12083806447,5.09986331689282,Wimbe
L6280,DCENN,H,m,Opheylissem,50.7390020347794,4.98287767780707,Petite Gette
L6280,DCENN,Q,m³/s,Opheylissem,50.7390020347794,4.98287767780707,Petite Gette
L6290,DCENN,H,m,Amberloup,50.0356305815099,5.52639526365704,Ourthe Occidentale
L6290,DCENN,Q,m³/s,Amberloup,50.0356305815099,5.52639526365704,Ourthe Occidentale
L6300,DCENN,H,m,Vieuxville,50.3943699154091,5.53710554152364,Ruisseau de Lembrée
L6300,DCENN,Q,m³/s,Vieuxville,50.3943699154091,5.53710554152364,Ruisseau de Lembrée
L6310,DCENN,H,m,Forrières,50.1320837171006,5.27850331317573,Lhomme
L6310,DCENN,Q,m³/s,Forrières,50.1320837171006,5.27850331317573,Lhomme
L6320,DCENN,H,m,Grupont,50.0923033752133,5.27773111455632,Lhomme
L6320,DCENN,Q,m³/s,Grupont,50.0923033752133,5.27773111455632,Lhomme
L6330,DCENN,H,m,Ouren,50.1419350217663,6.14181425505029,Our
L6330,DCENN,Q,m³/s,Ouren,50.1419350217663,6.14181425505029,Our
L6340,DCENN,H,m,Eben-Emael,50.7817807239457,5.66359849345239,Geer
L6340,DCENN,Q,m³/s,Eben-Emael,50.7817807239457,5.66359849345239,Geer
L6350,DCENN,H,m,Couvin,50.0335843196992,4.49566002624691,Eau Noire
L6350,DCENN,Q,m³/s,Couvin,50.0335843196992,4.49566002624691,Eau Noire
L6360,DCENN,H,m,Eprave,50.1394211651844,5.16398290833778,Lhomme
L6360,DCENN,Q,m³/s,Eprave,50.1394211651844,5.16398290833778,Lhomme
L6380,DCENN,H,m,Olloy-sur-Viroin,50.0744313125907,4.59839191347568,Viroin
L6380,DCENN,Q,m³/s,Olloy-sur-Viroin,50.0744313125907,4.59839191347568,Viroin
L6390,DCENN,H,m,Dalhem,50.7195281743918,5.72294521452676,Berwinne
L6390,DCENN,Q,m³/s,Dalhem,50.7195281743918,5.72294521452676,Berwinne
L6400,DCENN,H,m,Gedinne,49.9813461956571,4.9348186202447,Houille
L6400,DCENN,Q,m³/s,Gedinne,49.9813461956571,4.9348186202447,Houille
L6430,DCENN,H,m,Harmignies,50.3985545159616,4.014398487757,Trouille
L6430,DCENN,Q,m³/s,Harmignies,50.3985545159616,4.014398487757,Trouille
L6440,DCENN,H,m,Virton,49.5671321205915,5.53647526653581,Ton
L6440,DCENN,Q,m³/s,Virton,49.5671321205915,5.53647526653581,Ton
L6450,DCENN,H,m,Estaimpuis,50.697091254438,3.28050111304968,Espierres
L6450,DCENN,Q,m³/s,Estaimpuis,50.697091254438,3.28050111304968,Espierres
L6461,DCENN,H,m,Marneffe,50.5748291354949,5.14582827599042,Burdinale
L6461,DCENN,Q,m³/s,Marneffe,50.5748291354949,5.14582827599042,Burdinale
L6470,DCENN,H,m,Ambresin,50.6268347109466,5.04407249910583,Mehaigne
L6470,DCENN,Q,m³/s,Ambresin,50.6268347109466,5.04407249910583,Mehaigne
L6510,DCENN,H,m,Stavelot,50.3779579618661,5.88482103628497,Amblève
L6510,DCENN,Q,m³/s,Stavelot,50.3779579618661,5.88482103628497,Amblève
L6520,DCENN,H,m,Malmedy,50.425831750978,6.02199374022001,Warche
L6520,DCENN,Q,m³/s,Malmedy,50.425831750978,6.02199374022001,Warche
L6530,DCENN,H,m,Aublain,50.0607927815509,4.40160266133682,Eau Blanche
L6530,DCENN,Q,m³/s,Aublain,50.0607927815509,4.40160266133682,Eau Blanche
L6550,DCENN,H,m,Brizy,50.1480880369537,5.84580157131514,Ourthe Orientale
L6550,DCENN,Q,m³/s,Brizy,50.1480880369537,5.84580157131514,Ourthe Orientale
L6560,DCENN,H,m,Bistain,50.1513341816344,5.86814047100928,Ruisseau de Cherain
L6560,DCENN,Q,m³/s,Bistain,50.1513341816344,5.86814047100928,Ruisseau de Cherain
L6570,DCENN,H,m,Ghoy,50.7195463526823,3.81611104035088,Ruisseau d'Ancre
L6570,DCENN,Q,m³/s,Ghoy,50.7195463526823,3.81611104035088,Ruisseau d'Ancre
L6590,DCENN,H,m,Lens,50.5557860638227,3.90176457613475,Dendre Orientale
L6590,DCENN,Q,m³/s,Lens,50.5557860638227,3.90176457613475,Dendre Orientale
L6600,DCENN,H,m,Spiennes,50.4223848796252,3.9849922496579,Trouille
L6600,DCENN,Q,m³/s,Spiennes,50.4223848796252,3.9849922496579,Trouille
L6610,DCENN,H,m,Hérock,50.1735169113426,5.04673162852466,Lesse
L6610,DCENN,Q,m³/s,Hérock,50.1735169113426,5.04673162852466,Lesse
L6630,DCENN,H,m,Thuin,50.3377401079343,4.28558512707619,Bieme l'Eau
L6630,DCENN,Q,m³/s,Thuin,50.3377401079343,4.28558512707619,Bieme l'Eau
L6640,DCENN,H,m,Noirhat,50.6314123551909,4.53664005812116,Dyle
L6640,DCENN,Q,m³/s,Noirhat,50.6314123551909,4.53664005812116,Dyle
L6650,DCENN,H,m,Rochefort,50.1580940199611,5.22458587168085,Lhomme
L6650,DCENN,Q,m³/s,Rochefort,50.1580940199611,5.22458587168085,Lhomme
L6660,DCENN,H,m,Sippenaeken,50.750476138336,5.94075456142575,Gueule
L6660,DCENN,Q,m³/s,Sippenaeken,50.750476138336,5.94075456142575,Gueule
L6671,DCENN,H,m,Hemptinne,50.6025238898512,4.99091984809068,Soile
L6671,DCENN,Q,m³/s,Hemptinne,50.6025238898512,4.99091984809068,Soile
L6690,DCENN,H,m,Erezée,50.2975243786484,5.54222078828098,Aisne
L6690,DCENN,Q,m³/s,Erezée,50.2975243786484,5.54222078828098,Aisne
L6710,DCENN,H,m,Givry,50.3726373258035,4.03338669648699,Trouille
L6710,DCENN,Q,m³/s,Givry,50.3726373258035,4.03338669648699,Trouille
L6721,DCENN,H,m,Bougnies,50.3854524571586,3.94028835527884,By
L6721,DCENN,Q,m³/s,Bougnies,50.3854524571586,3.94028835527884,By
L6770,DCENN,H,m,Dalhem,50.713440983012,5.72217546553957,Bolland
L6770,DCENN,Q,m³/s,Dalhem,50.713440983012,5.72217546553957,Bolland
L6790,DCENN,H,m,Spixhe,50.5211704533669,5.82036877251458,Wayai
L6790,DCENN,Q,m³/s,Spixhe,50.5211704533669,5.82036877251458,Wayai
L6840,DCENN,H,m,Daverdisse,50.0277834604966,5.11622075416486,Ruisseau de Gembes
L6840,DCENN,Q,m³/s,Daverdisse,50.0277834604966,5.11622075416486,Ruisseau de Gembes
L6850,DCENN,H,m,Sprimont,50.0367553171708,5.54760069743014,Ruisseau de Laval
L6850,DCENN,Q,m³/s,Sprimont,50.0367553171708,5.54760069743014,Ruisseau de Laval
L6861,DCENN,H,m,Baisieux,50.3875088706854,3.69568781457084,Petite Honnelle
L6861,DCENN,Q,m³/s,Baisieux,50.3875088706854,3.69568781457084,Petite Honnelle
L6870,DCENN,H,m,Marchipont,50.3783191416963,3.6651252736762,Anneau
L6870,DCENN,Q,m³/s,Marchipont,50.3783191416963,3.6651252736762,Anneau
L6880,DCENN,H,m,Beaumont,50.2295535438712,4.23338305621395,Hantes
L6880,DCENN,Q,m³/s,Beaumont,50.2295535438712,4.23338305621395,Hantes
L6900,DCENN,H,m,Awirs,50.5923543433161,5.41152059292118,Ruisseau des Awirs
L6900,DCENN,Q,m³/s,Awirs,50.5923543433161,5.41152059292118,Ruisseau des Awirs
L6910,DCENN,H,m,Pecq,50.6739824873243,3.33168652623493,Rieu du Pas à Wasmes
L6910,DCENN,Q,m³/s,Pecq,50.6739824873243,3.33168652623493,Rieu du Pas à Wasmes
L6920,DCENN,H,m,Escanaffles,50.7351164829932,3.45202171575294,Rieu de la Lhaye
L6920,DCENN,Q,m³/s,Escanaffles,50.7351164829932,3.45202171575294,Rieu de la Lhaye
L6930,DCENN,H,m,Falisolle,50.4241962916439,4.62560440240391,Ruisseau de Fosses
L6930,DCENN,Q,m³/s,Falisolle,50.4241962916439,4.62560440240391,Ruisseau de Fosses
L6940,DCENN,H,m,Hargimont,50.1860764640765,5.30658950886016,Hédrée
L6940,DCENN,Q,m³/s,Hargimont,50.1860764640765,5.30658950886016,Hédrée
L6950,DCENN,H,m,Maffle,50.605985163236,3.80911657290653,Grande Hunelle
L6950,DCENN,Q,m³/s,Maffle,50.605985163236,3.80911657290653,Grande Hunelle
L6980,DCENN,H,m,Martilly,49.8080367170406,5.36503340891827,Ruisseau de Neufchâteau
L6980,DCENN,Q,m³/s,Martilly,49.8080367170406,5.36503340891827,Ruisseau de Neufchâteau
L6990,DCENN,H,m,Auby-sur-Semois,49.810932961481,5.167336480985,Alleines
L6990,DCENN,Q,m³/s,Auby-sur-Semois,49.810932961481,5.167336480985,Alleines
L7000,DCENN,H,m,Vresse-sur-Semois,49.8731141195841,4.93833987616244,Ruisseau du Moulin
L7000,DCENN,Q,m³/s,Vresse-sur-Semois,49.8731141195841,4.93833987616244,Ruisseau du Moulin
L7020,DCENN,H,m,Braine-le-Château,50.6801420375212,4.24618935172967,Hain
L7020,DCENN,Q,m³/s,Braine-le-Château,50.6801420375212,4.24618935172967,Hain
L7070,DCENN,H,m,Rensiwé,50.1349539051743,5.72456224082782,Ruisseau de Martin moulin
L7070,DCENN,Q,m³/s,Rensiwé,50.1349539051743,5.72456224082782,Ruisseau de Martin moulin
L7080,DCENN,H,m,Estinnes-au-Val,50.4124224548207,4.10809637578028,Ruisseau des Estinnes
L7080,DCENN,Q,m³/s,Estinnes-au-Val,50.4124224548207,4.10809637578028,Ruisseau des Estinnes
L7120,DCENN,H,m,Marche-en-Famenne,50.2668168602146,5.34691165269682,Marchette
L7120,DCENN,Q,m³/s,Marche-en-Famenne,50.2668168602146,5.34691165269682,Marchette
L7130,DCENN,H,m,Martilly,49.8056033519361,5.36257944292355,Vierre
L7130,DCENN,Q,m³/s,Martilly,49.8056033519361,5.36257944292355,Vierre
L7140,DCENN,H,m,Suxy,49.7697838553042,5.39594831109723,Vierre
L7140,DCENN,Q,m³/s,Suxy,49.7697838553042,5.39594831109723,Vierre
L7150,DCENN,H,m,Verviers,50.5889975839603,5.84529255855502,Vesdre
L7150,DCENN,Q,m³/s,Verviers,50.5889975839603,5.84529255855502,Vesdre
L7161,DCENN,H,m,Stavelot,50.395300453535,5.94715908328871,Eau rouge
L7161,DCENN,Q,m³/s,Stavelot,50.395300453535,5.94715908328871,Eau rouge
L7180,DCENN,H,m,Biesme-sous-Thuin,50.3198530930361,4.30644041085282,Bieme l'Eau
L7180,DCENN,Q,m³/s,Biesme-sous-Thuin,50.3198530930361,4.30644041085282,Bieme l'Eau
L7190,DCENN,H,m,Wanlin,50.1588275201869,5.06006995083457,Biran
L7190,DCENN,Q,m³/s,Wanlin,50.1588275201869,5.06006995083457,Biran
L7200,DCENN,H,m,Macquenoise,49.9772439107667,4.17283367683181,Oise
L7200,DCENN,Q,m³/s,Macquenoise,49.9772439107667,4.17283367683181,Oise
L7210,DCENN,H,m,Grandrieu,50.1845201674845,4.17631152540006,Thure
L7210,DCENN,Q,m³/s,Grandrieu,50.1845201674845,4.17631152540006,Thure
L7220,DCENN,H,m,Nethen,50.7963189512348,4.65033558353466,Nethen
L7220,DCENN,Q,m³/s,Nethen,50.7963189512348,4.65033558353466,Nethen
L7231,DCENN,H,m,Orp-le-Grand,50.6918954298755,4.98936852245036,Ruisseau de Petit Hallet
L7231,DCENN,Q,m³/s,Orp-le-Grand,50.6918954298755,4.98936852245036,Ruisseau de Petit Hallet
L7241,DCENN,H,m,Jemeppe-sur-Sambre,50.4640228900953,4.67411753564536,Orneau
L7241,DCENN,Q,m³/s,Jemeppe-sur-Sambre,50.4640228900953,4.67411753564536,Orneau
L7260,DCENN,H,m,Gussignies,50.3358038585453,3.73582183543919,Grande Honnelle
L7260,DCENN,Q,m³/s,Gussignies,50.3358038585453,3.73582183543919,Grande Honnelle
L7280,DCENN,H,m,Monteneau,50.3589723412471,6.12120070646239,Amblève
L7280,DCENN,Q,m³/s,Monteneau,50.3589723412471,6.12120070646239,Amblève
L7290,DCENN,H,m,Trou de Bra,50.3459003047025,5.73200450286035,Lienne
L7290,DCENN,Q,m³/s,Trou de Bra,50.3459003047025,5.73200450286035,Lienne
L7300,DCENN,H,m,Herbeumont,49.769188344805,5.23638612960664,Moyenne Semois
L7300,DCENN,Q,m³/s,Herbeumont,49.769188344805,5.23638612960664,Moyenne Semois
L7310,DCENN,H,m,Papignies,50.6831597948863,3.81915463115013,Trimpont
L7310,DCENN,Q,m³/s,Papignies,50.6831597948863,3.81915463115013,Trimpont
L7370,DCENN,H,m,Willerzie,50.0024121433176,4.81640262750033,Hulle
L7370,DCENN,Q,m³/s,Willerzie,50.0024121433176,4.81640262750033,Hulle
L7410,DCENN,H,m,Weweler,50.1980612784065,6.15466314123565,Our
L7410,DCENN,Q,m³/s,Weweler,50.1980612784065,6.15466314123565,Our
L7470,DCENN,H,m,Spontin,50.3178486810868,5.02469602672326,Bocq
L7470,DCENN,Q,m³/s,Spontin,50.3178486810868,5.02469602672326,Bocq
L7500,DCENN,H,m,Limont,50.6583801870278,5.31480719429868,Yerne
L7500,DCENN,Q,m³/s,Limont,50.6583801870278,5.31480719429868,Yerne
L7511,DCENN,H,m,Val-dieu,50.7076671369079,5.78155208714741,Berwinne
L7511,DCENN,Q,m³/s,Val-dieu,50.7076671369079,5.78155208714741,Berwinne
L7520,DCENN,H,m,Blanmont,50.6162280045377,4.64124769877856,Orne
L7520,DCENN,Q,m³/s,Blanmont,50.6162280045377,4.64124769877856,Orne
L7530,DCENN,H,m,Rosières,50.7338434450631,4.55435906499207,Lasne
L7530,DCENN,Q,m³/s,Rosières,50.7338434450631,4.55435906499207,Lasne
L7550,DCENN,H,m,Ecaussinnes,50.5604663951544,4.16774476638753,Sennette
L7550,DCENN,Q,m³/s,Ecaussinnes,50.5604663951544,4.16774476638753,Sennette
L7560,DCENN,H,m,Thon,50.4615110879319,4.99874272845155,Samson
L7560,DCENN,Q,m³/s,Thon,50.4615110879319,4.99874272845155,Samson
L7570,DCENN,H,m,Obourg,50.4688078198676,4.00635212254363,Haine
L7570,DCENN,Q,m³/s,Obourg,50.4688078198676,4.00635212254363,Haine
L7580,DCENN,H,m,Chapelle-à-Wattines,50.6090846648498,3.65382240567814,Dendre Occidentale
L7580,DCENN,Q,m³/s,Chapelle-à-Wattines,50.6090846648498,3.65382240567814,Dendre Occidentale
L7590,DCENN,H,m,Flobecq,50.7386752509562,3.74924434143767,Ruisseau d'Ancre
L7590,DCENN,Q,m³/s,Flobecq,50.7386752509562,3.74924434143767,Ruisseau d'Ancre
L7600,DCENN,H,m,Foret,50.5867232771046,5.67580739519508,Ruisseau des Fonds de Forêt
L7600,DCENN,Q,m³/s,Foret,50.5867232771046,5.67580739519508,Ruisseau des Fonds de Forêt
L7610,DCENN,H,m,Tubize,50.6888628285529,4.21600924004684,Sennette
L7610,DCENN,Q,m³/s,Tubize,50.6888628285529,4.21600924004684,Sennette
L7620,DCENN,H,m,Archennes,50.7494755560149,4.68127170855849,Train
L7620,DCENN,Q,m³/s,Archennes,50.7494755560149,4.68127170855849,Train
L7630,DCENN,H,m,Ciney,50.2898675839987,5.09286452188129,Ruisseau de Leignon
L7630,DCENN,Q,m³/s,Ciney,50.2898675839987,5.09286452188129,Ruisseau de Leignon
L7640,DCENN,H,m,Hargimont,50.1827475943885,5.302407184028,Wamme
L7640,DCENN,Q,m³/s,Hargimont,50.1827475943885,5.302407184028,Wamme
L7650,DCENN,H,m,Dottignies,50.7370641078048,3.30593051029953,Grande Espierres
L7650,DCENN,Q,m³/s,Dottignies,50.7370641078048,3.30593051029953,Grande Espierres
L7660,DCENN,H,m,Dampicourt,49.5628198571379,5.49496949433448,Chavratte
L7660,DCENN,Q,m³/s,Dampicourt,49.5628198571379,5.49496949433448,Chavratte
L7670,DCENN,H,m,La Gleize,50.4009018935498,5.85313984952842,Amblève
L7670,DCENN,Q,m³/s,La Gleize,50.4009018935498,5.85313984952842,Amblève
L7680,DCENN,H,m,Maissin,49.9773939974425,5.18421085382036,Haute Lesse
L7680,DCENN,Q,m³/s,Maissin,49.9773939974425,5.18421085382036,Haute Lesse
L7690,DCENN,H,m,Han-sur-Lesse,50.1244951463376,5.17703407181182,Ry d'Ave
L7690,DCENN,Q,m³/s,Han-sur-Lesse,50.1244951463376,5.17703407181182,Ry d'Ave
L7750,DCENN,H,m,Nil Saint-Vincent,50.631825989555,4.64873044086807,Nil
L7750,DCENN,Q,m³/s,Nil Saint-Vincent,50.631825989555,4.64873044086807,Nil
L7760,DCENN,H,m,Nivelles,50.5992068567645,4.30491788102512,Thines
L7760,DCENN,Q,m³/s,Nivelles,50.5992068567645,4.30491788102512,Thines
L7840,DCENN,H,m,Braine l'Alleud,50.6975647414982,4.35984692012157,Hain
L7840,DCENN,Q,m³/s,Braine l'Alleud,50.6975647414982,4.35984692012157,Hain
L7850,DCENN,H,m,Jodoigne-Souveraine,50.7069244716391,4.84432345833096,Grande Gette
L7850,DCENN,Q,m³/s,Jodoigne-Souveraine,50.7069244716391,4.84432345833096,Grande Gette
L7860,DCENN,H,m,Modave,50.469730395768,5.266578053538,Triffoys
L7860,DCENN,Q,m³/s,Modave,50.469730395768,5.266578053538,Triffoys
L7870,DCENN,H,m,Marchin (bis),50.5027014500271,5.23917845545979,Hoyoux
L7870,DCENN,Q,m³/s,Marchin (bis),50.5027014500271,5.23917845545979,Hoyoux
L7880,DCENN,H,m,Ere,50.580568475219,3.3678501135627,Ruisseau des Barges
L7880,DCENN,Q,m³/s,Ere,50.580568475219,3.3678501135627,Ruisseau des Barges
L7890,DCENN,H,m,Froidmont,50.5758105621906,3.33162178296903,Ruisseau des Barges
L7890,DCENN,Q,m³/s,Froidmont,50.5758105621906,3.33162178296903,Ruisseau des Barges
L7910,DCENN,H,m,Gerpinnes (Hanzinne amont),50.3243290219654,4.53251768023816,Ruisseau d'Hanzinne
L7910,DCENN,Q,m³/s,Gerpinnes (Hanzinne amont),50.3243290219654,4.53251768023816,Ruisseau d'Hanzinne
L7920,DCENN,H,m,Gerpinnes (Hanzinne  aval),50.3378196652619,4.52898230009452,Ruisseau d'Hanzinne
L7920,DCENN,Q,m³/s,Gerpinnes (Hanzinne  aval),50.3378196652619,4.52898230009452,Ruisseau d'Hanzinne
L7930,DCENN,H,m,Gerpinnes (St-Pierre),50.3352061866069,4.52699288942195,Ruisseau Saint Pierre
L7930,DCENN,Q,m³/s,Gerpinnes (St-Pierre),50.3352061866069,4.52699288942195,Ruisseau Saint Pierre
L7940,DCENN,H,m,Eppe-Sauvage,50.1179750627314,4.17839654984668,Montbliart
L7940,DCENN,Q,m³/s,Eppe-Sauvage,50.1179750627314,4.17839654984668,Montbliart
L7950,DCENN,H,m,Moustier-en-Fagne,50.0977347937249,4.19403300465,Helpe
L7950,DCENN,Q,m³/s,Moustier-en-Fagne,50.0977347937249,4.19403300465,Helpe
L7970,DCENN,H,m,Rebecq,50.6630040481969,4.13245840881994,Senne
L7970,DCENN,Q,m³/s,Rebecq,50.6630040481969,4.13245840881994,Senne
L7990,DCENN,H,m,Yves-Gomzée,50.2375642542197,4.53694204599907,Ry d'Yves
L7990,DCENN,Q,m³/s,Yves-Gomzée,50.2375642542197,4.53694204599907,Ry d'Yves
L8000,DCENN,H,m,La Hulpe,50.7314023260922,4.50597721170342,Argentine
L8000,DCENN,Q,m³/s,La Hulpe,50.7314023260922,4.50597721170342,Argentine
L8010,DCENN,H,m,Tubize Stincup,50.6872917343193,4.1803669655613,Stincup-Laubecq
L8010,DCENN,Q,m³/s,Tubize Stincup,50.6872917343193,4.1803669655613,Stincup-Laubecq
L8020,DCENN,H,m,Tubize Coeurcq,50.6847443497008,4.20198510440164,Coeurcq
L8020,DCENN,Q,m³/s,Tubize Coeurcq,50.6847443497008,4.20198510440164,Coeurcq
L8031,DCENN,H,m,Incourt,50.6958802747012,4.82054610181627,Ruisseau d'Orbais
L8031,DCENN,Q,m³/s,Incourt,50.6958802747012,4.82054610181627,Ruisseau d'Orbais
L8080,DCENN,H,m,Soignies,50.5917246846823,4.06715669278872,Senne
L8080,DCENN,Q,m³/s,Soignies,50.5917246846823,4.06715669278872,Senne
L8100,DCENN,H,m,Meeffe,50.6002844747658,5.02227789137665,Rhée
L8100,DCENN,Q,m³/s,Meeffe,50.6002844747658,5.02227789137665,Rhée
L8120,DCENN,H,m,Celles,50.7133198468329,3.45730222995431,Rieu de la Lhaye
L8120,DCENN,Q,m³/s,Celles,50.7133198468329,3.45730222995431,Rieu de la Lhaye
L8140,DCENN,H,m,Seneffe,50.5231714107041,4.26000480513926,Samme
L8140,DCENN,Q,m³/s,Seneffe,50.5231714107041,4.26000480513926,Samme
L8220,DCENN,H,m,Natoye,50.3369587244032,5.06550146904747,Bocq
L8220,DCENN,Q,m³/s,Natoye,50.3369587244032,5.06550146904747,Bocq
L8470,DCENN,H,m,Dinant,50.2690942208047,4.91131277369429,Ruisseau des Fonds de Leffe
L8470,DCENN,Q,m³/s,Dinant,50.2690942208047,4.91131277369429,Ruisseau des Fonds de Leffe
L8490,DCENN,H,m,Hanret,50.5873759452015,4.94894767174729,Ruisseau de la Batterie
L8490,DCENN,Q,m³/s,Hanret,50.5873759452015,4.94894767174729,Ruisseau de la Batterie
L8510,DCENN,H,m,Volaiville,49.8778527561294,5.62146222711767,Sûre
L8510,DCENN,Q,m³/s,Volaiville,49.8778527561294,5.62146222711767,Sûre
L8590,DCENN,H,m,Thy-le-Bauduin,50.2956532308351,4.52321167110348,Thyria
L8590,DCENN,Q,m³/s,Thy-le-Bauduin,50.2956532308351,4.52321167110348,Thyria
L8630,DCENN,H,m,Gesves,50.3992996446478,5.03665379949431,Samson
L8630,DCENN,Q,m³/s,Gesves,50.3992996446478,5.03665379949431,Samson
L8640,DCENN,H,m,Anthée,50.243584967972,4.7471589113461,Flavion
L8640,DCENN,Q,m³/s,Anthée,50.243584967972,4.7471589113461,Flavion
L8650,DCENN,H,m,Gozin,50.1238851341985,4.99782017938474,Biran
L8650,DCENN,Q,m³/s,Gozin,50.1238851341985,4.99782017938474,Biran
L8700,DCENN,H,m,Marche-les-Dames,50.492152096721,4.95557355204363,Ruisseau de Gelbressée
L8700,DCENN,Q,m³/s,Marche-les-Dames,50.492152096721,4.95557355204363,Ruisseau de Gelbressée
L8710,DCENN,H,m,Seilles,50.5041390070031,5.08946204910302,Velaine
L8710,DCENN,Q,m³/s,Seilles,50.5041390070031,5.08946204910302,Velaine
L8720,DCENN,H,m,Crupet,50.3470430789835,4.95213528739197,Ruisseau de Crupet
L8720,DCENN,Q,m³/s,Crupet,50.3470430789835,4.95213528739197,Ruisseau de Crupet
L8730,DCENN,H,m,Chevetogne,50.2275174478902,5.15585434045496,Molinia
L8730,DCENN,Q,m³/s,Chevetogne,50.2275174478902,5.15585434045496,Molinia
L8740,DCENN,H,m,Olloy - Noyé,50.0692551541153,4.60603562351394,Ruisseau de Noyé
L8740,DCENN,Q,m³/s,Olloy - Noyé,50.0692551541153,4.60603562351394,Ruisseau de Noyé
L8750,DCENN,H,m,Scry,50.3301504038871,4.6438309810041,Ruisseau de Nefsée
L8750,DCENN,Q,m³/s,Scry,50.3301504038871,4.6438309810041,Ruisseau de Nefsée
L8900,DCENN,H,m,Donstiennes,50.2768194761945,4.31400180882086,Ruisseau du Moulin de Donstiennes
L8900,DCENN,Q,m³/s,Donstiennes,50.2768194761945,4.31400180882086,Ruisseau du Moulin de Donstiennes
L8910,DCENN,H,m,Clermont,50.2579847361417,4.31478048299954,Ruisseau du Moulin de Donstiennes
L8910,DCENN,Q,m³/s,Clermont,50.2579847361417,4.31478048299954,Ruisseau du Moulin de Donstiennes
L8920,DCENN,H,m,Riconvert,50.2569992527835,4.30389940295274,Brule
L8920,DCENN,Q,m³/s,Riconvert,50.2569992527835,4.30389940295274,Brule
L8930,DCENN,H,m,Han-sur-Lesse,50.1290826064438,5.18059450677676,Haute Lesse
L8930,DCENN,Q,m³/s,Han-sur-Lesse,50.1290826064438,5.18059450677676,Haute Lesse
L9000,DCENN,H,m,Sauvenière,50.5803249272711,4.72338490843572,Orneau
L9000,DCENN,Q,m³/s,Sauvenière,50.5803249272711,4.72338490843572,Orneau
L9010,DCENN,H,m,La Bruyère,50.5329067435878,4.83410890433784,Ruisseau du Bois de Linfagne
L9010,DCENN,Q,m³/s,La Bruyère,50.5329067435878,4.83410890433784,Ruisseau du Bois de Linfagne
L9120,DCENN,H,m,Otrange,50.7326167175799,5.37912577236794,Geer
L9120,DCENN,Q,m³/s,Otrange,50.7326167175799,5.37912577236794,Geer
L9170,DCENN,H,m,Mont-Saint-Guibert,50.6324118538743,4.62050634142734,Orne
L9170,DCENN,Q,m³/s,Mont-Saint-Guibert,50.6324118538743,4.62050634142734,Orne
L9190,DCENN,H,m,Court-Saint-Etienne,50.642946049098,4.57597102193947,Orne
L9190,DCENN,Q,m³/s,Court-Saint-Etienne,50.642946049098,4.57597102193947,Orne
L9220,DCENN,H,m,Gembloux,50.5541951661721,4.6809523991345,Orneau
L9220,DCENN,Q,m³/s,Gembloux,50.5541951661721,4.6809523991345,Orneau
