# BAFU forecast stations: the keys of the recorded hydro_sensor_pq_forecast.geojson (catalogue §2.7; 54 on
# 2026-09-29, the catalogue counted 55). ch-4-stations watches that list daily; a change is reported.
# plot = BAFU's figure (#78): q = plots/q_forecast (discharge or river level; spec ch-4-forecast), p = plots/p_forecast
# (lake level, the index's metric masl; spec ch-4-forecast-lake). 2646 answers 404 on both (KG-207).
id,plot
2004,p
2009,q
2011,q
2016,q
2018,q
2020,q
2022,p
2023,p
2024,q
2027,p
2029,q
2030,q
2032,p
2034,q
2043,p
2044,q
2056,q
2063,q
2085,q
2091,q
2093,p
2099,q
2101,p
2104,q
2106,q
2118,p
2135,q
2143,q
2152,q
2155,q
2167,q
2170,q
2174,q
2176,q
2181,q
2205,q
2207,p
2208,p
2209,p
2210,q
2215,q
2243,q
2265,q
2288,q
2289,q
2346,q
2368,q
2457,q
2473,q
2494,q
2602,q
2634,q
2642,p
2646,q
