# Tier-1 PEGELONLINE series (catalogue §3.1–§3.5 key stations): W, and Q where the station has it. UUIDs checked
# against the recorded stations.json metadata; series whose current value was over 6 h old when recorded
# (2026-09-29, the recorded basin call) are left out, because PT6H would return [].
uuid,number,name,ts
06b978dd-8c4d-48ac-a0c8-2c16681ed281,23300130,RHEINWEILER,Q
06b978dd-8c4d-48ac-a0c8-2c16681ed281,23300130,RHEINWEILER,W
23af9b02-5c82-4f6e-acb8-f92a06e5e4da,23300900,KEHL-KRONENHOF,Q
23af9b02-5c82-4f6e-acb8-f92a06e5e4da,23300900,KEHL-KRONENHOF,W
b02be240-1364-4c97-8bb6-675d7d842332,23500600,IFFEZHEIM,Q
b02be240-1364-4c97-8bb6-675d7d842332,23500600,IFFEZHEIM,W
b6c6d5c8-e2d5-4469-8dd8-fa972ef7eaea,23700200,MAXAU,Q
b6c6d5c8-e2d5-4469-8dd8-fa972ef7eaea,23700200,MAXAU,W
2cb8ae5b-c5c9-4fa8-bac0-bb724f2754f4,23700600,SPEYER,Q
2cb8ae5b-c5c9-4fa8-bac0-bb724f2754f4,23700600,SPEYER,W
57090802-c51a-4d09-8340-b4453cd0e1f5,23700700,MANNHEIM,W
844a620f-f3b8-4b6b-8e3c-783ae2aa232a,23900200,WORMS,Q
844a620f-f3b8-4b6b-8e3c-783ae2aa232a,23900200,WORMS,W
a37a9aa3-45e9-4d90-9df6-109f3a28a5af,25100100,MAINZ,Q
a37a9aa3-45e9-4d90-9df6-109f3a28a5af,25100100,MAINZ,W
665be0fe-5e38-43f6-8b04-02a93bdbeeb4,25100300,OESTRICH,W
0309cd61-90c9-470e-99d4-2ee4fb2c5f84,25300200,BINGEN,W
1d26e504-7f9e-480a-b52c-5932be6549ab,25700100,KAUB,Q
1d26e504-7f9e-480a-b52c-5932be6549ab,25700100,KAUB,W
4c7d796a-39f2-4f26-97a9-3aad01713e29,25900700,KOBLENZ,W
5735892a-ec65-4b29-97c5-50939aa9584e,27100400,ANDERNACH,Q
5735892a-ec65-4b29-97c5-50939aa9584e,27100400,ANDERNACH,W
593647aa-9fea-43ec-a7d6-6476a76ae868,2710080,BONN,Q
593647aa-9fea-43ec-a7d6-6476a76ae868,2710080,BONN,W
a6ee8177-107b-47dd-bcfd-30960ccc6e9c,2730010,KÖLN,W
8f7e5f92-1153-4f93-acba-ca48670c8ca9,2750010,DÜSSELDORF,W
c0f51e35-d0e8-4318-afaf-c5fcbc29f4c1,2770010,DUISBURG-RUHRORT,Q
c0f51e35-d0e8-4318-afaf-c5fcbc29f4c1,2770010,DUISBURG-RUHRORT,W
f33c3cc9-dc4b-4b77-baa9-5a5f10704398,2770040,WESEL,W
2f025389-fac8-4557-94d3-7d0428878c86,2790010,REES,W
9598e4cb-0849-401e-bba0-689234b27644,2790020,EMMERICH,W
be7ce40e-5fff-42df-8386-b42694ca86da,23800100,Plochingen,Q
be7ce40e-5fff-42df-8386-b42694ca86da,23800100,Plochingen,W
8559d1a0-4a03-410a-8910-44a089a07df8,23800500,Lauffen,Q
8559d1a0-4a03-410a-8910-44a089a07df8,23800500,Lauffen,W
4c00a166-7d6d-48d7-b4dc-673b96b4041e,23800690,Rockenau SKA,Q
4c00a166-7d6d-48d7-b4dc-673b96b4041e,23800690,Rockenau SKA,W
827b2685-47ec-44df-a90f-980f5e0c1591,23800760,Heidelberg UP,W
915d76e1-3bf9-4e37-9a9a-4d144cd771cc,24300600,WÜRZBURG,Q
915d76e1-3bf9-4e37-9a9a-4d144cd771cc,24300600,WÜRZBURG,W
66ff3eb4-513b-478b-abd2-2f5126ea66fd,24700404,FRANKFURT OSTHAFEN,Q
66ff3eb4-513b-478b-abd2-2f5126ea66fd,24700404,FRANKFURT OSTHAFEN,W
db1684c1-7ffc-4e8a-b8cf-8240a0d03519,24900108,RAUNHEIM,Q
db1684c1-7ffc-4e8a-b8cf-8240a0d03519,24900108,RAUNHEIM,W
32807065-b887-49f0-935a-80033e5f3cb0,25800200,Leun neu,Q
32807065-b887-49f0-935a-80033e5f3cb0,25800200,Leun neu,W
64f735fd-88b6-42ea-9cdd-dc18d3806c34,25800600,Kalkofen neu,Q
64f735fd-88b6-42ea-9cdd-dc18d3806c34,25800600,Kalkofen neu,W
c263ea53-ca4d-41f5-b3f5-6178fec302aa,26100100,Perl,Q
c263ea53-ca4d-41f5-b3f5-6178fec302aa,26100100,Perl,W
3bec53ca-444e-4014-a7b0-07b3591e954b,26500100,Trier UP,W
768df4e9-ed5a-4141-901b-e25ac404d559,26900400,Cochem,Q
768df4e9-ed5a-4141-901b-e25ac404d559,26900400,Cochem,W
16578824-88de-4700-ab09-f61dbb1182bd,26900510,Alken,Q
eeaba884-d4c5-4a83-88fb-adcd79adbc50,26400100,Hanweiler,W
a9ca43e9-ef92-4f1c-ac02-a6c8ccad7b9f,26400220,Sankt Arnual,Q
a9ca43e9-ef92-4f1c-ac02-a6c8ccad7b9f,26400220,Sankt Arnual,W
fe72ee98-88e9-4d19-aba1-f97f61b7d4de,26400550,Fremersdorf,Q
fe72ee98-88e9-4d19-aba1-f97f61b7d4de,26400550,Fremersdorf,W
c0594fb5-77ff-4287-9b8d-7ff326afe9ff,2769510000100,Hattingen,Q
c0594fb5-77ff-4287-9b8d-7ff326afe9ff,2769510000100,Hattingen,W
12a3037f-cbf3-49d3-8da5-77fb38730bba,27600090,RUHRWEHR OW,W
50a449ba-af4c-42c7-b2c4-9a3eda37e1e3,3390020,RHEINE UNTERSCHLEUSE,W
200363fc-cdc5-4c22-a271-a25d1ba880ed,3500015,LINGEN-DARME,W
6de43652-2db9-4627-a255-9cb1f8efb820,3730010,VERSEN WEHRDURCHSTICH,W
8177a148-5674-4b8f-8ded-050907f640f3,3770030,HERBRUM HAFENDAMM,W
