# FR-3 key stations (catalogue §2.5, §3; the ~2-month Vigicrues seed and the weekly CruesHistoriques), each in the
# recorded Hub'Eau referential.
code,name
B720000001,"La Meuse à Chooz - Trou du Diable "DREAL""
A850061001,"La Moselle à Uckange"
A302009050,"Le Rhin à Lauterbourg"
A061005051,"Le Rhin à Strasbourg [sémaphore nord]"
B540001001,"La Meuse à Charleville-Mézières"
B502001001,"La Meuse à Sedan"
B315002001,"La Meuse à Stenay"
B611101001,"La Semoy à Haulmé"
A940000101,"La Sarre en Allemagne [Hanweiler]"
A743061001,"La Moselle à Metz [Pont des Morts]"
A573061001,"La Moselle à Toul"
A443064001,"La Moselle à Épinal"
E240041101,"L'Escaut canalisée à Maulde"
D019223001,"La Sambre canalisée à Marpent"
E381126501,"La Lys à Bousbecque"
