# Every RWS forecast location of the recorded OphalenCatalogus (ProcesType verwachting): WATHTE at 183, Q at 13.
# tier 1h = hourly (the 13 Q and 27 curated H, 40 requests); 3h-0/1/2 = one bucket every 3 h each (A§7.2 tiering).
code,quantity,tier
arnhem.nederrijn,Q,1h
driel.boven,Q,1h
eijsden.grens,Q,1h
hagestein.boven,Q,1h
lobith.bovenrijn.tolkamer,Q,1h
maaseik,Q,1h
maastricht.borgharen.maas.beneden,Q,1h
maastricht.sintpieter,Q,1h
megen.maas,Q,1h
olst,Q,1h
tiel.sluis.waal,Q,1h
tiel.waal,Q,1h
venlo,Q,1h
lobith.bovenrijn.tolkamer,H,1h
millingenaanderijn.pannerdensekop,H,1h
nijmegen.waal,H,1h
tiel.waal,H,1h
zaltbommel,H,1h
dodewaard,H,1h
driel.boven,H,1h
hagestein.boven,H,1h
westervoort.ijsselkop,H,1h
doesburg.ijssel,H,1h
zutphen.ijssel,H,1h
deventer,H,1h
olst,H,1h
zwolle.ijssel,H,1h
kampen.ijssel,H,1h
eijsden.grens,H,1h
maastricht.sintpieter,H,1h
maastricht.borgharen.maas.beneden,H,1h
lanaken,H,1h
maaseik,H,1h
stevensweert,H,1h
roermond.boven,H,1h
venlo,H,1h
megen.maas,H,1h
lith.boven,H,1h
antwerpen,H,1h
grave.boven,H,1h
alblasserdam,H,3h-0
almere.hollandsebrug,H,3h-1
ameland.nes,H,3h-2
ameland.wantij,H,3h-0
amerongen.beneden,H,3h-1
amerongen.boven,H,3h-2
amsterdam.schellingwouderbrug,H,3h-0
arnemuiden.oranjeplaat,H,3h-1
belfeld.boven,H,3h-2
bommenede,H,3h-0
borssele,H,3h-1
botlek.hartelkanaal.2,H,3h-2
botlek.hartelkering,H,3h-0
botlek.hartelkering.binnen,H,3h-1
botlek.hartelkering.buiten,H,3h-2
botlek.hetscheur,H,3h-0
botlek.rozenburgsesluis.calandkanaal,H,3h-1
botlek.rozenburgsesluis.hartelkanaal,H,3h-2
breskens.handelshaven,H,3h-0
brouwersdam.brouwershavensegat.2,H,3h-1
brouwersdam.spui.inlaat,H,3h-2
brouwersdam.spui.uitlaat,H,3h-0
brouwershavensche.gat.08,H,3h-1
bruinisse.krammersluis.oosterschelde.2,H,3h-2
buggenum,H,3h-0
cadzand.1,H,3h-1
culemborg,H,3h-2
dalem,H,3h-0
delfzijl,H,3h-1
denhelder.marsdiep,H,3h-2
denoever.ijsselmeer.binnenhaven,H,3h-0
denoever.waddenzee.voorhaven,H,3h-1
desteeg,H,3h-2
dordrecht.dordtschekil,H,3h-0
dordrecht.nieuwemerwede,H,3h-1
dordrecht.oudemaas.benedenmerwede,H,3h-2
driel.beneden,H,3h-0
edam,H,3h-1
eefde.sluis.beneden,H,3h-2
eemshaven.haven,H,3h-0
eisdenmazenhove.maas,H,3h-1
eisdenmazenhove.maesbempdergreend,H,3h-2
elsloo.maas,H,3h-0
europlatform,H,3h-1
europoort.beneluxhaven,H,3h-2
europoort.dintelhaven,H,3h-0
gennep,H,3h-1
goeree.lichteiland,H,3h-2
gouda.hollandscheijssel,H,3h-0
grave.beneden,H,3h-1
hagestein.beneden,H,3h-2
hank.bergschemaas,H,3h-0
hansweert,H,3h-1
haringvliet.10,H,3h-2
harlingen.waddenzee,H,3h-0
hasselt.zwartewater,H,3h-1
hedel,H,3h-2
heel.kanaal,H,3h-0
heel.maas,H,3h-1
heerjansdam,H,3h-2
heesbeen,H,3h-0
heinenoord.goidschalxoord,H,3h-1
hellevoetsluis,H,3h-2
hoek.braakmanhaven.buiten,H,3h-0
hoekvanholland,H,3h-1
hoekvanholland.maeslantkering.beneden,H,3h-2
hoekvanholland.maeslantkering.boven,H,3h-0
hoofdplaat,H,3h-1
huibertgat,H,3h-2
huissen.nederrijn,H,3h-0
ijmuiden.buitenhaven,H,3h-1
ijmuiden.noordersluis.west,H,3h-2
kadoelen.zwanediep,H,3h-0
kampen.keteldiep,H,3h-1
kats.zandkreeksluis,H,3h-2
katwijk,H,3h-0
ketelhaven.ketelmeer,H,3h-1
kinderdijk.noord,H,3h-2
kloosterzande.baalhoek,H,3h-0
kornwerderzand.ijsselmeer.binnenhaven,H,3h-1
kornwerderzand.waddenzee.buitenhaven,H,3h-2
krabbersgat.ijsselmeer,H,3h-0
krabbersgat.markermeer,H,3h-1
krimpenaandeijssel.hollandscheijssel,H,3h-2
krimpenaandelek.lek,H,3h-0
lauwersoog.waddenzee,H,3h-1
lelystad.houtribsluis.noord,H,3h-2
lelystad.houtribsluis.zuid,H,3h-0
lemmer.ijsselmeer,H,3h-1
linne.stuw.beneden,H,3h-2
lith.beneden,H,3h-0
lith.sluis,H,3h-1
maassluis,H,3h-2
maastricht.borgharen.julianakanaal,H,3h-0
maasvlakte.europahaven,H,3h-1
maasvlakte.hartelhaven,H,3h-2
maasvlakte.mississippihaven,H,3h-0
marollegat,H,3h-1
meeswijk,H,3h-2
moerdijk,H,3h-0
mook,H,3h-1
neer,H,3h-2
negenoord.oost,H,3h-0
nieuwestatenzijl.dollard,H,3h-1
nieuwvossemeer,H,3h-2
nijkerk.nijkerkernauw,H,3h-0
oosterschelde.11,H,3h-1
oosterschelde.13,H,3h-2
oosterschelde.14,H,3h-0
oosterschelde.15,H,3h-1
oosterschelde.4,H,3h-2
oosterschelde.roompotsluis.binnen,H,3h-0
oosterschelde.roompotsluis.buiten,H,3h-1
ramspolbrug.ramsdiep,H,3h-2
rhenen.grebbeberg,H,3h-0
rilland.bath,H,3h-1
rotem,H,3h-2
rotterdam.brienenoordbrug,H,3h-0
rotterdam.eemhaven,H,3h-1
rotterdam.nieuwemaas.boerengat,H,3h-2
rotterdam.nieuwemaas.boompjes,H,3h-0
sambeek.beneden,H,3h-1
sambeek.boven,H,3h-2
scheveningen,H,3h-0
schiermonnikoog.waddenzee,H,3h-1
schoonhoven,H,3h-2
sintannaland.oosterschelde,H,3h-0
sliedrecht,H,3h-1
spijkenisse.oudemaas.brug,H,3h-2
stavenisse,H,3h-0
stellendam.buitenhaven,H,3h-1
steyl,H,3h-2
swifterbant.ketelmeer,H,3h-0
terneuzen,H,3h-1
terschelling.noordzee,H,3h-2
terschelling.wantij,H,3h-0
terschelling.west,H,3h-1
texel.noordzee,H,3h-2
texel.oudeschild,H,3h-0
tiel.sluis.waal,H,3h-1
uikhoven,H,3h-2
vlaardingen,H,3h-0
vlaktevanderaan,H,3h-1
vlieland.haven,H,3h-2
vlissingen,H,3h-0
well,H,3h-1
werkendam.nieuwemerwede,H,3h-2
westervoort.2,H,3h-0
westkapelle,H,3h-1
wierumergronden,H,3h-2
wijhe,H,3h-0
willemstad.hollandschdiep,H,3h-1
yerseke,H,3h-2
zierikzee.zeelandbrug.noord,H,3h-0
zwartsluis.zwartewater,H,3h-1
zwolle.zwartewater.kanaal,H,3h-2
