# RWS observation series (catalogue §3.1, §3.3, §3.5, §3.6 and the §0.6 Belgian points, note=be). Every code is
# checked against the recorded OphalenCatalogus (WATHTE/NAP meting for H, Q meting for Q; test: seedlists.test.ts).
# tier key = every 10 min (H only); tier other = every 30 min (other H and every Q), for the 400 requests/hour budget.
code,quantity,tier,note
lobith.bovenrijn.tolkamer,H,key,
millingenaanderijn.pannerdensekop,H,key,
nijmegen.waal,H,key,
tiel.waal,H,key,
zaltbommel,H,key,
driel.boven,H,key,
hagestein.boven,H,key,
westervoort.ijsselkop,H,key,
doesburg.ijssel,H,key,
zutphen.ijssel,H,key,
deventer,H,key,
olst,H,key,
kampen.ijssel,H,key,
eijsden.grens,H,key,
maastricht.sintpieter,H,key,
maastricht.borgharen.maas.beneden,H,key,
roermond.boven,H,key,
venlo,H,key,
megen.maas,H,key,
lith.boven,H,key,
holtheme.vecht,H,key,
ommen.vecht,H,key,
delfzijl,H,key,
nieuwestatenzijl.dollard,H,key,
vlissingen,H,key,
dodewaard,H,other,
amerongen.boven,H,other,
amerongen.beneden,H,other,
culemborg,H,other,
hagestein.beneden,H,other,
driel.beneden,H,other,
westervoort.2,H,other,
zwolle.ijssel,H,other,
kampen.keteldiep,H,other,
stevensweert,H,other,
lanaken,H,other,be
maaseik,H,other,be
herenlaak,H,other,be
lixhebiefaval,H,other,be
antwerpen,H,other,be
smeermaas.zuidwillemsvaart,H,other,be
sambeek.boven,H,other,
sambeek.beneden,H,other,
gennep,H,other,
grave.boven,H,other,
grave.beneden,H,other,
lith.beneden,H,other,
steyl,H,other,
belfeld.boven,H,other,
well,H,other,
dalfsen.vechterweerd,H,other,
epen.geul.cottessen,H,other,
rilland.bath,H,other,
hansweert,H,other,
terneuzen,H,other,
krimpenaandelek.lek,H,other,
schoonhoven,H,other,
rhenen.grebbeberg,H,other,
wijhe,H,other,
heel.maas,H,other,
linne.stuw.beneden,H,other,
buggenum,H,other,
neer,H,other,
mook,H,other,
hedel,H,other,
heesbeen,H,other,
werkendam.nieuwemerwede,H,other,
moerdijk,H,other,
hoekvanholland,H,other,
lobith.bovenrijn.tolkamer,Q,other,
millingenaanderijn,Q,other,
pannerden.pannerdenschkanaal,Q,other,
tiel.waal,Q,other,
westervoort.1,Q,other,
olst,Q,other,
eijsden.grens,Q,other,
maastricht.sintpieter,Q,other,
maastricht.borgharen.maas.beneden,Q,other,
venlo,Q,other,
megen.maas,Q,other,
driel.boven,Q,other,
hagestein.boven,Q,other,
ommen.vecht,Q,other,
arnhem.nederrijn,Q,other,
maaseik,Q,other,be
kanne,Q,other,be
smeermaas.zuidwillemsvaart,Q,other,be
