FID,NAAM,CODE,WAARDE_LAATSTE_METING,TIJDSTIP_LAATSTE_METING,COMPARTIMENTCODE,EENHEIDCODE,GROOTHEIDCODE,GEOMETRY
locatiesmetlaatstewaarneming.fid-52f462e6_1a00bf9a57c_-44fd,Grijpskerk Gaarkeuken oost,grijpskerk.gaarkeuken.oost,-80,2026-08-16T20:10:00.000Z,OW,cm,WATHTE,POINT (53.24909 6.317575)
locatiesmetlaatstewaarneming.fid-52f462e6_1a00bf9a57c_-44fc,Dordrecht Oude Maas 120,dordrecht.oudemaas.120,0.147,2026-08-16T20:50:00.000Z,OW,m/s,STROOMSHD,POINT (51.803927 4.638471)
locatiesmetlaatstewaarneming.fid-52f462e6_1a00bf9a57c_-44fb,"Dalfsen, Vechterweerd",dalfsen.vechterweerd,-21,2026-08-16T20:50:00.000Z,OW,cm,WATHTE,POINT (52.518103 6.211651)
locatiesmetlaatstewaarneming.fid-52f462e6_1a00bf9a57c_-44fa,Europlatform 3,europlatform.3,5.2,2026-08-16T20:40:00.000Z,OW,s,T_H1/3,POINT (51.9978 3.26647)
locatiesmetlaatstewaarneming.fid-52f462e6_1a00bf9a57c_-44f9,Negenoord,negenoord.oost,2502,2026-08-16T20:40:00.000Z,OW,cm,WATHTE,POINT (51.030139 5.759722)
locatiesmetlaatstewaarneming.fid-52f462e6_1a00bf9a57c_-44f8,Berkhout,berkhout,11.1,2026-08-16T20:40:00.000Z,LT,graad,WINDRTG,POINT (52.649231 4.982047)
locatiesmetlaatstewaarneming.fid-52f462e6_1a00bf9a57c_-44f7,"IJmuiden, noordersluis, west",ijmuiden.noordersluis.west,58,2026-08-16T20:50:00.000Z,OW,cm,WATHTE,POINT (52.4678 4.604)
locatiesmetlaatstewaarneming.fid-52f462e6_1a00bf9a57c_-44f6,Nieuw-Vossemeer,nieuwvossemeer,355,2026-07-27T10:40:00.000Z,OW,mg/l,CONCTTE,POINT (51.584608 4.201577)
locatiesmetlaatstewaarneming.fid-52f462e6_1a00bf9a57c_-44f5,Nieuw-Vossemeer,nieuwvossemeer,358,2026-07-27T10:40:00.000Z,OW,mg/l,CONCTTE,POINT (51.584608 4.201577)
locatiesmetlaatstewaarneming.fid-52f462e6_1a00bf9a57c_-44f4,Bruinisse Krammersluis krammerput,bruinisse.krammersluis.krammerput,23.4,2026-08-16T20:50:00.000Z,OW,oC,T,POINT (51.666489 4.186255)
locatiesmetlaatstewaarneming.fid-52f462e6_1a00bf9a57c_-44f3,Borssele Windpark Alpha platform,borsselealpha,5.5,2026-08-16T20:40:00.000Z,OW,s,T_Hmax,POINT (51.699921 3.056707)
locatiesmetlaatstewaarneming.fid-52f462e6_1a00bf9a57c_-44f2,"Terneuzen, Sluiskilbrug",terneuzen.sluiskilbrug,1011,2026-08-16T20:50:00.000Z,OW,kg/m3,DICHTHD,POINT (51.294 3.8354)
locatiesmetlaatstewaarneming.fid-52f462e6_1a00bf9a57c_-44f1,Europlatform 3,europlatform.3,10.5,2026-08-16T20:40:00.000Z,OW,s,Tmax,POINT (51.9978 3.26647)
locatiesmetlaatstewaarneming.fid-52f462e6_1a00bf9a57c_-44f0,Bruinisse Krammersluis krammerput,bruinisse.krammersluis.krammerput,23.2,2026-08-16T20:50:00.000Z,OW,oC,T,POINT (51.666489 4.186255)
locatiesmetlaatstewaarneming.fid-52f462e6_1a00bf9a57c_-44ef,"Terneuzen, Sluiskilbrug",terneuzen.sluiskilbrug,1011,2026-08-16T20:50:00.000Z,OW,kg/m3,DICHTHD,POINT (51.294 3.8354)
locatiesmetlaatstewaarneming.fid-52f462e6_1a00bf9a57c_-44ee,Bruinisse Krammersluis krammerput,bruinisse.krammersluis.krammerput,22,2026-08-16T20:50:00.000Z,OW,oC,T,POINT (51.666489 4.186255)
locatiesmetlaatstewaarneming.fid-52f462e6_1a00bf9a57c_-44ed,Bruinisse Krammersluis krammerput,bruinisse.krammersluis.krammerput,15.5,2026-08-16T20:50:00.000Z,OW,oC,T,POINT (51.666489 4.186255)
locatiesmetlaatstewaarneming.fid-52f462e6_1a00bf9a57c_-44ec,Edam,edam,-32,2026-08-16T20:50:00.000Z,OW,cm,WATHTE,POINT (52.516051 5.06988)
locatiesmetlaatstewaarneming.fid-52f462e6_1a00bf9a57c_-44eb,Marknesse,marknesse,319.1,2026-08-16T20:40:00.000Z,LT,graad,WINDRTG,POINT (52.69924 5.882068)
locatiesmetlaatstewaarneming.fid-52f462e6_1a00bf9a57c_-44ea,Borgharen Dorp,maastricht.borgharen.maas.beneden,9.14,2026-08-16T20:50:00.000Z,OW,m3/s,Q,POINT (50.8724 5.691)
locatiesmetlaatstewaarneming.fid-52f462e6_1a00bf9a57c_-44e9,"Almere, Hollandse brug",almere.hollandsebrug,-32,2026-08-16T20:50:00.000Z,OW,cm,WATHTE,POINT (52.3265 5.1376)
locatiesmetlaatstewaarneming.fid-52f462e6_1a00bf9a57c_-44e8,Europlatform 3,europlatform.3,5.2,2026-08-16T20:40:00.000Z,OW,s,Tm-10,POINT (51.9978 3.26647)
locatiesmetlaatstewaarneming.fid-52f462e6_1a00bf9a57c_-44e7,Borssele Windpark Alpha platform,borsselealpha,5.7,2026-08-16T20:40:00.000Z,OW,s,T1/3,POINT (51.699921 3.056707)
locatiesmetlaatstewaarneming.fid-52f462e6_1a00bf9a57c_-44e6,"IJmuiden, munitiestort, 1",ijmuiden.munitiestort.1,8.1,2026-08-11T00:10:00.000Z,OW,s,Tmax,POINT (52.549225 4.057019)
locatiesmetlaatstewaarneming.fid-52f462e6_1a00bf9a57c_-44e5,"Oosterschelde, 4",oosterschelde.4,13,2026-08-16T20:40:00.000Z,OW,cm,H1/3,POINT (51.65514 3.69342)
locatiesmetlaatstewaarneming.fid-52f462e6_1a00bf9a57c_-44e4,Bommenede,bommenede,32.162,2026-08-16T20:50:00.000Z,OW,DIMSLS,SALNTT,POINT (51.738709 3.974298)
locatiesmetlaatstewaarneming.fid-52f462e6_1a00bf9a57c_-44e3,Bommenede,bommenede,32.101,2026-08-16T20:50:00.000Z,OW,DIMSLS,SALNTT,POINT (51.738709 3.974298)
locatiesmetlaatstewaarneming.fid-52f462e6_1a00bf9a57c_-44e2,"Veghel, Sluis 4, uitlaat",veghel.sluis4.uitlaat,0,2026-08-16T20:40:00.000Z,OW,m3/s,Q,POINT (51.608553 5.531564)
locatiesmetlaatstewaarneming.fid-52f462e6_1a00bf9a57c_-44e1,Europlatform 3,europlatform.3,4.7,2026-08-16T20:40:00.000Z,OW,s,T_Hmax,POINT (51.9978 3.26647)
locatiesmetlaatstewaarneming.fid-52f462e6_1a00bf9a57c_-44e0,Elsloo,elsloo.maas,3258,2026-08-16T20:50:00.000Z,OW,cm,WATHTE,POINT (50.957736 5.755318)
locatiesmetlaatstewaarneming.fid-52f462e6_1a00bf9a57c_-44df,"IJmuiden, munitiestort, 1",ijmuiden.munitiestort.1,5.5,2026-08-11T00:10:00.000Z,OW,s,T1/3,POINT (52.549225 4.057019)
locatiesmetlaatstewaarneming.fid-52f462e6_1a00bf9a57c_-44de,Dordrecht Oude Maas 195,dordrecht.oudemaas.195,236.8,2026-08-16T20:50:00.000Z,OW,graad,STROOMRTG,POINT (51.80448 4.637853)
locatiesmetlaatstewaarneming.fid-52f462e6_1a00bf9a57c_-44dd,"Kloosterzande, Baalhoek",kloosterzande.baalhoek,12829,2026-08-16T20:50:00.000Z,OW,mg/l,CONCTTE,POINT (51.366086 4.10258)
locatiesmetlaatstewaarneming.fid-52f462e6_1a00bf9a57c_-44dc,"Kloosterzande, Baalhoek",kloosterzande.baalhoek,13087,2026-08-16T20:50:00.000Z,OW,mg/l,CONCTTE,POINT (51.366086 4.10258)
locatiesmetlaatstewaarneming.fid-52f462e6_1a00bf9a57c_-44db,Vlissingen Honte,vlissingen.honte,190,2026-08-16T20:40:00.000Z,OW,Hz,Fp,POINT (51.4363 3.69231)
locatiesmetlaatstewaarneming.fid-52f462e6_1a00bf9a57c_-44da,Nieuw-Vossemeer,nieuwvossemeer,0.172,2026-08-16T20:50:00.000Z,OW,mS/m,GELDHD,POINT (51.584608 4.201577)
locatiesmetlaatstewaarneming.fid-52f462e6_1a00bf9a57c_-44d9,Nieuw-Vossemeer,nieuwvossemeer,0.171,2026-08-16T20:50:00.000Z,OW,mS/m,GELDHD,POINT (51.584608 4.201577)
locatiesmetlaatstewaarneming.fid-52f462e6_1a00bf9a57c_-44d8,Europlatform 3,europlatform.3,4.5,2026-08-16T20:40:00.000Z,OW,s,Tm02,POINT (51.9978 3.26647)
locatiesmetlaatstewaarneming.fid-52f462e6_1a00bf9a57c_-44d7,"Oosterschelde, 4",oosterschelde.4,12,2026-08-16T20:40:00.000Z,OW,cm,Hm0,POINT (51.65514 3.69342)
locatiesmetlaatstewaarneming.fid-52f462e6_1a00bf9a57c_-44d6,"Someren, sluis 13",someren.sluis13,2870,2026-08-16T20:40:00.000Z,OW,cm,WATHTE,POINT (51.3302 5.7467)
locatiesmetlaatstewaarneming.fid-52f462e6_1a00bf9a57c_-44d5,"IJmuiden, munitiestort, 1",ijmuiden.munitiestort.1,4.6,2026-08-11T00:10:00.000Z,OW,s,Tm-10,POINT (52.549225 4.057019)
locatiesmetlaatstewaarneming.fid-52f462e6_1a00bf9a57c_-44d4,Marollegat,marollegat,1022,2026-08-16T20:50:00.000Z,OW,kg/m3,DICHTHD,POINT (51.479747 4.191958)
locatiesmetlaatstewaarneming.fid-52f462e6_1a00bf9a57c_-44d3,Marollegat,marollegat,1022,2026-08-16T20:50:00.000Z,OW,kg/m3,DICHTHD,POINT (51.479747 4.191958)
locatiesmetlaatstewaarneming.fid-52f462e6_1a00bf9a57c_-44d2,"Erp, Sluis 5, inlaat",erp.sluis5.inlaat,1.48,2026-08-16T20:40:00.000Z,OW,m3/s,Q,POINT (51.577511 5.58585)
locatiesmetlaatstewaarneming.fid-52f462e6_1a00bf9a57c_-44d1,Huibertgat,huibertgat,265.8,2026-08-16T20:50:00.000Z,LT,graad,WINDRTG,POINT (53.57375 6.398433)
locatiesmetlaatstewaarneming.fid-52f462e6_1a00bf9a57c_-44d0,Maasbeemder Greend,eisdenmazenhove.maesbempdergreend,2910,2026-07-25T06:30:00.000Z,OW,cm,WATHTE,POINT (50.978472 5.735139)
locatiesmetlaatstewaarneming.fid-52f462e6_1a00bf9a57c_-44cf,"Wijk bij Duurstede, Amsterdam-Rijnkanaal",wijkbijduurstede.amsterdamrijnkanaal,-40,2026-08-16T20:50:00.000Z,OW,cm,WATHTE,POINT (51.97479 5.293258)
locatiesmetlaatstewaarneming.fid-52f462e6_1a00bf9a57c_-44ce,Europlatform 3,europlatform.3,6,2026-08-16T20:40:00.000Z,OW,s,T1/3,POINT (51.9978 3.26647)
locatiesmetlaatstewaarneming.fid-52f462e6_1a00bf9a57c_-44cd,Almen,almen,1006,2026-08-16T20:50:00.000Z,OW,cm,WATHTE,POINT (52.165824 6.28472)
locatiesmetlaatstewaarneming.fid-52f462e6_1a00bf9a57c_-44cc,"Oosterschelde, 4",oosterschelde.4,170,2026-08-16T20:40:00.000Z,OW,Hz,Fp,POINT (51.65514 3.69342)
locatiesmetlaatstewaarneming.fid-52f462e6_1a00bf9a57c_-44cb,"IJmuiden, munitiestort, 1",ijmuiden.munitiestort.1,4.1,2026-08-11T00:10:00.000Z,OW,s,Tm02,POINT (52.549225 4.057019)
locatiesmetlaatstewaarneming.fid-52f462e6_1a00bf9a57c_-44ca,Maasbeemder Greend,eisdenmazenhove.maesbempdergreend,2910,2026-07-25T06:40:00.000Z,OW,cm,WATHTE,POINT (50.978472 5.735139)
locatiesmetlaatstewaarneming.fid-52f462e6_1a00bf9a57c_-44c9,Borssele Windpark Alpha platform,borsselealpha,8.3,2026-08-16T20:40:00.000Z,OW,s,Tmax,POINT (51.699921 3.056707)
locatiesmetlaatstewaarneming.fid-52f462e6_1a00bf9a57c_-44c8,Hato Marina Kralendijk,hato.marinakralendijk,28.2,2026-07-31T07:00:00.000Z,OW,oC,T,POINT (12.167587 -68.28753)
locatiesmetlaatstewaarneming.fid-52f462e6_1a00bf9a57c_-44c7,Hato Marina Kralendijk,hato.marinakralendijk,28.6,2026-07-31T07:00:00.000Z,OW,oC,T,POINT (12.167587 -68.28753)
locatiesmetlaatstewaarneming.fid-52f462e6_1a00bf9a57c_-44c6,Hollandse Kust Zuid platform Alpha,hollandsekust.zuid.alpha,180,2026-08-16T20:40:00.000Z,OW,Hz,Fp,POINT (52.232547 4.19569)
locatiesmetlaatstewaarneming.fid-52f462e6_1a00bf9a57c_-44c5,"Rilland, Bath",rilland.bath,20000,2026-08-16T20:50:00.000Z,LT,m,ZICHT,POINT (51.39878 4.21014)
locatiesmetlaatstewaarneming.fid-52f462e6_1a00bf9a57c_-44c4,Dordrecht Oude Maas 060,dordrecht.oudemaas.060,233.4,2026-08-16T20:50:00.000Z,OW,graad,STROOMRTG,POINT (51.803489 4.638971)
locatiesmetlaatstewaarneming.fid-52f462e6_1a00bf9a57c_-44c3,Elsloo,elsloo.maas,3491,2026-08-16T20:50:00.000Z,OW,cm,WATHTE,POINT (50.957736 5.755318)
locatiesmetlaatstewaarneming.fid-52f462e6_1a00bf9a57c_-44c2,"Oosterschelde, 4",oosterschelde.4,18329,2026-08-16T20:50:00.000Z,OW,mg/l,CONCTTE,POINT (51.65514 3.69342)
locatiesmetlaatstewaarneming.fid-52f462e6_1a00bf9a57c_-44c1,"Oosterschelde, 4",oosterschelde.4,18935,2026-08-16T20:50:00.000Z,OW,mg/l,CONCTTE,POINT (51.65514 3.69342)
locatiesmetlaatstewaarneming.fid-52f462e6_1a00bf9a57c_-44c0,"IJmuiden, munitiestort, 1",ijmuiden.munitiestort.1,5.2,2026-08-11T00:10:00.000Z,OW,s,T_Hmax,POINT (52.549225 4.057019)
locatiesmetlaatstewaarneming.fid-52f462e6_1a00bf9a57c_-44bf,"Aarle Rixtel, Schabbert, boven",aarlerixtel.schabbert.boven,1506,2026-08-16T20:50:00.000Z,OW,cm,WATHTE,POINT (51.5205 5.6542)
locatiesmetlaatstewaarneming.fid-52f462e6_1a00bf9a57c_-44be,D15,d15,62,2026-08-16T20:50:00.000Z,OW,cm,WATHTE,POINT (54.325667 2.93575)
locatiesmetlaatstewaarneming.fid-52f462e6_1a00bf9a57c_-44bd,Borssele Windpark Alpha platform,borsselealpha,4.7,2026-08-16T20:40:00.000Z,OW,s,Tm-10,POINT (51.699921 3.056707)
locatiesmetlaatstewaarneming.fid-52f462e6_1a00bf9a57c_-44bc,"Hagestein, boven",hagestein.boven,23.3,2026-08-16T20:50:00.000Z,OW,oC,T,POINT (51.9895 5.1352)
locatiesmetlaatstewaarneming.fid-52f462e6_1a00bf9a57c_-44bb,Markermeer Trintelzand,markermeer.trintelzand,24.4,2026-08-16T20:50:00.000Z,OW,RFU,CONCTTE,POINT (52.62412 5.37297)
locatiesmetlaatstewaarneming.fid-52f462e6_1a00bf9a57c_-44ba,"Oosterschelde, 4",oosterschelde.4,2,2026-08-16T20:40:00.000Z,OW,cm,HTE3,POINT (51.65514 3.69342)
locatiesmetlaatstewaarneming.fid-52f462e6_1a00bf9a57c_-44b9,Markermeer Trintelzand,markermeer.trintelzand,20.4,2026-08-16T20:50:00.000Z,OW,RFU,CONCTTE,POINT (52.62412 5.37297)
locatiesmetlaatstewaarneming.fid-52f462e6_1a00bf9a57c_-44b8,"Nieuwegein, lekkanaal",nieuwegein.lekkanaal,-36,2026-08-16T20:50:00.000Z,OW,cm,WATHTE,POINT (52.022729 5.113007)
locatiesmetlaatstewaarneming.fid-52f462e6_1a00bf9a57c_-44b7,"IJmuiden, munitiestort, 1",ijmuiden.munitiestort.1,4.8,2026-08-11T00:10:00.000Z,OW,s,T_H1/3,POINT (52.549225 4.057019)
locatiesmetlaatstewaarneming.fid-52f462e6_1a00bf9a57c_-44b6,"Dinteloord, Volkerak",dinteloord.volkerak,235,2026-08-16T20:50:00.000Z,OW,mg/l,CONCTTE,POINT (51.65291 4.316483)
locatiesmetlaatstewaarneming.fid-52f462e6_1a00bf9a57c_-44b5,"Dinteloord, Volkerak",dinteloord.volkerak,243,2026-08-16T20:50:00.000Z,OW,mg/l,CONCTTE,POINT (51.65291 4.316483)
locatiesmetlaatstewaarneming.fid-52f462e6_1a00bf9a57c_-44b4,"Maarssen, kanaal",maarssen.kanaal,35.22,2026-08-16T20:50:00.000Z,OW,m3/s,Q,POINT (52.133807 5.039151)
locatiesmetlaatstewaarneming.fid-52f462e6_1a00bf9a57c_-44b3,Markermeer Trintelzand,markermeer.trintelzand,-33,2026-08-16T20:50:00.000Z,OW,cm,WATHTE,POINT (52.62412 5.37297)
locatiesmetlaatstewaarneming.fid-52f462e6_1a00bf9a57c_-44b2,Dordrecht Oude Maas 000,dordrecht.oudemaas.000,81.2,2026-08-16T20:50:00.000Z,OW,graad,STROOMRTG,POINT (51.803042 4.639463)
locatiesmetlaatstewaarneming.fid-52f462e6_1a00bf9a57c_-44b1,"Nieuwegein, Doorslag",nieuwegein.doorslag,65,2026-08-16T19:50:00.000Z,OW,cm,WATHTE,POINT (52.0323 5.089851)
locatiesmetlaatstewaarneming.fid-52f462e6_1a00bf9a57c_-44b0,Rotem,rotem,2442,2026-08-16T20:40:00.000Z,OW,cm,WATHTE,POINT (51.0506 5.771)
locatiesmetlaatstewaarneming.fid-52f462e6_1a00bf9a57c_-44af,Rotem,rotem,2730,2025-11-10T08:20:00.000Z,OW,cm,WATHTE,POINT (51.0506 5.771)
locatiesmetlaatstewaarneming.fid-52f462e6_1a00bf9a57c_-44ae,Borssele Windpark Alpha platform,borsselealpha,2.9,2026-08-16T20:40:00.000Z,OW,s,Tm02,POINT (51.699921 3.056707)
locatiesmetlaatstewaarneming.fid-52f462e6_1a00bf9a57c_-44ad,Lixhe Bief Aval,lixhebiefaval,4406,2026-08-16T20:00:00.000Z,OW,cm,WATHTE,POINT (50.759639 5.680889)
locatiesmetlaatstewaarneming.fid-52f462e6_1a00bf9a57c_-44ac,Dordrecht Oude Maas 135,dordrecht.oudemaas.135,225.6,2026-08-16T20:50:00.000Z,OW,graad,STROOMRTG,POINT (51.804043 4.638353)
locatiesmetlaatstewaarneming.fid-52f462e6_1a00bf9a57c_-44ab,"Markermeer, midden",markermeer.midden,9.19,2026-08-16T20:50:00.000Z,OW,mg/l,CONCTTE,POINT (52.5317 5.23124)
locatiesmetlaatstewaarneming.fid-52f462e6_1a00bf9a57c_-44aa,"Kadoelen, Zwanediep",kadoelen.zwanediep,-31,2026-08-16T20:50:00.000Z,OW,cm,WATHTE,POINT (52.658243 5.981641)
locatiesmetlaatstewaarneming.fid-52f462e6_1a00bf9a57c_-44a9,"Markermeer, midden",markermeer.midden,9.04,2026-08-16T20:50:00.000Z,OW,mg/l,CONCTTE,POINT (52.5317 5.23124)
locatiesmetlaatstewaarneming.fid-52f462e6_1a00bf9a57c_-44a8,Zierikzee Zeelandbrug,zierikzee.zeelandbrug,1.23,2026-08-16T20:50:00.000Z,LT,m/s,WINDSHD,POINT (51.6286 3.917785)
locatiesmetlaatstewaarneming.fid-52f462e6_1a00bf9a57c_-44a7,Rotterdamsehoek IJsselmeer,rotterdamsehoek.ijsselmeer,329.8,2026-08-16T20:50:00.000Z,LT,graad,WINDRTG,POINT (52.748722 5.552)
locatiesmetlaatstewaarneming.fid-52f462e6_1a00bf9a57c_-44a6,Borssele Windpark Alpha platform,borsselealpha,5,2026-08-16T20:40:00.000Z,OW,s,T_H1/3,POINT (51.699921 3.056707)
locatiesmetlaatstewaarneming.fid-52f462e6_1a00bf9a57c_-44a5,"Cadzand, 1",cadzand.1,0.76,2026-08-16T20:50:00.000Z,LT,m/s,WINDSHD,POINT (51.390145 3.368697)
locatiesmetlaatstewaarneming.fid-52f462e6_1a00bf9a57c_-44a4,Zierikzee Zeelandbrug,zierikzee.zeelandbrug,1,2026-08-16T20:50:00.000Z,LT,m/s,WINDSHD,POINT (51.6286 3.917785)
locatiesmetlaatstewaarneming.fid-52f462e6_1a00bf9a57c_-44a3,Sas van Gent,sasvangent,9571,2026-08-16T20:50:00.000Z,OW,mg/l,CONCTTE,POINT (51.230267 3.807499)
locatiesmetlaatstewaarneming.fid-52f462e6_1a00bf9a57c_-44a2,Sas van Gent,sasvangent,10104,2026-08-16T20:50:00.000Z,OW,mg/l,CONCTTE,POINT (51.230267 3.807499)
locatiesmetlaatstewaarneming.fid-52f462e6_1a00bf9a57c_-44a1,Oosterschelde Roompotsluis buiten,oosterschelde.roompotsluis.buiten,110,2026-08-16T20:40:00.000Z,OW,Hz,Fp,POINT (51.619 3.68)
locatiesmetlaatstewaarneming.fid-52f462e6_1a00bf9a57c_-44a0,Markermeer Trintelzand,markermeer.trintelzand,0.079,2026-08-16T20:50:00.000Z,OW,mS/m,GELDHD,POINT (52.62412 5.37297)
locatiesmetlaatstewaarneming.fid-52f462e6_1a00bf9a57c_-449f,Markermeer Trintelzand,markermeer.trintelzand,0.079,2026-08-16T20:50:00.000Z,OW,mS/m,GELDHD,POINT (52.62412 5.37297)
locatiesmetlaatstewaarneming.fid-52f462e6_1a00bf9a57c_-449e,Borssele Windpark Alpha platform,borsselealpha,4.2,2026-08-16T20:40:00.000Z,OW,s,Tm02,POINT (51.699921 3.056707)
locatiesmetlaatstewaarneming.fid-52f462e6_1a00bf9a57c_-449d,"Weesp, Amsterdam-Rijnkanaal",weesp.amsterdamrijnkanaal,14.47,2026-08-16T20:50:00.000Z,OW,m3/s,Q,POINT (52.316829 5.018799)
locatiesmetlaatstewaarneming.fid-52f462e6_1a00bf9a57c_-449c,Maastricht Sint Pieter zuid,maastricht.sintpieter.zuid,28.22,2026-08-16T20:50:00.000Z,OW,m3/s,Q,POINT (50.8279 5.6977)
locatiesmetlaatstewaarneming.fid-52f462e6_1a00bf9a57c_-449b,Rotterdamsehoek IJsselmeer,rotterdamsehoek.ijsselmeer,2.4,2026-08-16T20:40:00.000Z,OW,s,Tm02,POINT (52.748722 5.552)
locatiesmetlaatstewaarneming.fid-52f462e6_1a00bf9a57c_-449a,"Weert, sluis 16, beneden",weert.sluis16.beneden,3364,2026-08-16T20:50:00.000Z,OW,cm,WATHTE,POINT (51.245947 5.669381)
locatiesmetlaatstewaarneming.fid-52f462e6_1a00bf9a57c_-4499,"Cadzand, 1",cadzand.1,1.3,2026-08-16T20:50:00.000Z,LT,m/s,WINDSHD,POINT (51.390145 3.368697)
locatiesmetlaatstewaarneming.fid-52f462e6_1a00bf9a57c_-4498,"Velsen-Zuid, Spaarndammerpolder",velsenzuid.spaarndammerpolder,7.904,2026-08-16T20:50:00.000Z,OW,DIMSLS,SALNTT,POINT (52.441489 4.69707)
locatiesmetlaatstewaarneming.fid-52f462e6_1a00bf9a57c_-4497,"Velsen-Zuid, Spaarndammerpolder",velsenzuid.spaarndammerpolder,8.268,2026-08-16T20:50:00.000Z,OW,DIMSLS,SALNTT,POINT (52.441489 4.69707)
locatiesmetlaatstewaarneming.fid-52f462e6_1a00bf9a57c_-4496,Borssele Windpark Alpha platform,borsselealpha,5.1,2026-08-16T20:40:00.000Z,OW,s,Tm-10,POINT (51.699921 3.056707)
locatiesmetlaatstewaarneming.fid-52f462e6_1a00bf9a57c_-4495,"Spijkenisse, Oude Maas, Brug",spijkenisse.oudemaas.brug,2.279,2026-08-16T20:50:00.000Z,OW,mS/m,GELDHD,POINT (51.859612 4.33986)
locatiesmetlaatstewaarneming.fid-52f462e6_1a00bf9a57c_-4494,"Spijkenisse, Oude Maas, Brug",spijkenisse.oudemaas.brug,2.689,2026-08-16T20:50:00.000Z,OW,mS/m,GELDHD,POINT (51.859612 4.33986)
locatiesmetlaatstewaarneming.fid-52f462e6_1a00bf9a57c_-4493,"Spijkenisse, Oude Maas, Brug",spijkenisse.oudemaas.brug,2.743,2026-08-16T20:50:00.000Z,OW,mS/m,GELDHD,POINT (51.859612 4.33986)
locatiesmetlaatstewaarneming.fid-52f462e6_1a00bf9a57c_-4492,Rotterdamsehoek IJsselmeer,rotterdamsehoek.ijsselmeer,3.9,2026-08-16T20:40:00.000Z,OW,s,T1/3,POINT (52.748722 5.552)
locatiesmetlaatstewaarneming.fid-52f462e6_1a00bf9a57c_-4491,J6,j6,94,2026-08-16T20:40:00.000Z,OW,cm,Hmax,POINT (53.816632 2.95001)
locatiesmetlaatstewaarneming.fid-52f462e6_1a00bf9a57c_-4490,"Cadzand, 1",cadzand.1,1.25,2026-08-16T20:50:00.000Z,LT,m/s,WINDSHD,POINT (51.390145 3.368697)
locatiesmetlaatstewaarneming.fid-52f462e6_1a00bf9a57c_-448f,"Schiermonnikoog, noord",schiermonnikoog.noord,4.8,2026-08-16T20:40:00.000Z,OW,s,Tm02,POINT (53.594837 6.165377)
locatiesmetlaatstewaarneming.fid-52f462e6_1a00bf9a57c_-448e,"Stellendam, buitenhaven",stellendam.buitenhaven,32,2026-08-16T20:50:00.000Z,OW,cm,WATHTE,POINT (51.827028 4.033445)
locatiesmetlaatstewaarneming.fid-52f462e6_1a00bf9a57c_-448d,"Den Oever, Waddenzee voorhaven kolk",denoever.waddenzee.voorhaven.kolk,4.418,2026-08-16T20:50:00.000Z,OW,mS/m,GELDHD,POINT (52.931652 5.045803)
locatiesmetlaatstewaarneming.fid-52f462e6_1a00bf9a57c_-448c,"Den Oever, Waddenzee voorhaven kolk",denoever.waddenzee.voorhaven.kolk,4.438,2026-08-16T20:50:00.000Z,OW,mS/m,GELDHD,POINT (52.931652 5.045803)
locatiesmetlaatstewaarneming.fid-52f462e6_1a00bf9a57c_-448b,"Nijmegen, Waal",nijmegen.waal,400,2026-08-16T20:40:00.000Z,OW,cm,WATHTE,POINT (51.853 5.854)
locatiesmetlaatstewaarneming.fid-52f462e6_1a00bf9a57c_-448a,"Someren, sluis 11, boven",someren.sluis11.boven,2511,2026-08-16T20:40:00.000Z,OW,cm,WATHTE,POINT (51.3953 5.7277)
locatiesmetlaatstewaarneming.fid-52f462e6_1a00bf9a57c_-4489,"Stellendam, Haringvlietsluizen, schuif 3",stellendam.haringvlietsluizen.schuif3,0,2026-08-16T20:50:00.000Z,NVT,cm,HEFHTE,POINT (51.835366 4.053267)
locatiesmetlaatstewaarneming.fid-52f462e6_1a00bf9a57c_-4488,"Rilland, Bathsebrug",rilland.bathsebrug,-3,2026-08-16T20:50:00.000Z,OW,cm,WATHTE,POINT (51.42503 4.231181)
locatiesmetlaatstewaarneming.fid-52f462e6_1a00bf9a57c_-4487,"Cadzand, 1",cadzand.1,1.6,2026-08-16T20:50:00.000Z,LT,m/s,WINDSHD,POINT (51.390145 3.368697)
locatiesmetlaatstewaarneming.fid-52f462e6_1a00bf9a57c_-4486,"Schiermonnikoog, noord",schiermonnikoog.noord,6.2,2026-08-16T20:40:00.000Z,OW,s,T1/3,POINT (53.594837 6.165377)
locatiesmetlaatstewaarneming.fid-52f462e6_1a00bf9a57c_-4485,"Stellendam, Haringvlietsluizen, schuif 12",stellendam.haringvlietsluizen.schuif12,0,2026-08-16T20:50:00.000Z,NVT,cm,HEFHTE,POINT (51.831466 4.04805)
locatiesmetlaatstewaarneming.fid-52f462e6_1a00bf9a57c_-4484,Wijdenes,wijdenes,1.98,2026-08-16T20:40:00.000Z,LT,m/s,WINDSHD,POINT (52.632565 5.165385)
locatiesmetlaatstewaarneming.fid-52f462e6_1a00bf9a57c_-4483,"Goudswaard, Spui",goudswaard.spui,0.034,2026-01-08T18:40:00.000Z,OW,mS/m,GELDHD,POINT (51.782319 4.236792)
locatiesmetlaatstewaarneming.fid-52f462e6_1a00bf9a57c_-4482,"Goudswaard, Spui",goudswaard.spui,0.034,2026-01-08T18:40:00.000Z,OW,mS/m,GELDHD,POINT (51.782319 4.236792)
locatiesmetlaatstewaarneming.fid-52f462e6_1a00bf9a57c_-4481,"Schiermonnikoog, Westgat",schiermonnikoog.westgat,5,2026-08-16T20:40:00.000Z,OW,cm,HTE3,POINT (53.52612 6.03565)
locatiesmetlaatstewaarneming.fid-52f462e6_1a00bf9a57c_-4480,J6,j6,81,2026-08-16T20:40:00.000Z,OW,cm,H1/10,POINT (53.816632 2.95001)
locatiesmetlaatstewaarneming.fid-52f462e6_1a00bf9a57c_-447f,"Schiermonnikoog, noord",schiermonnikoog.noord,5.2,2026-08-16T20:40:00.000Z,OW,s,T_Hmax,POINT (53.594837 6.165377)
locatiesmetlaatstewaarneming.fid-52f462e6_1a00bf9a57c_-447e,"Weert, Lozen",weert.lozen,3570,2026-08-16T20:50:00.000Z,OW,cm,WATHTE,POINT (51.223141 5.602491)
locatiesmetlaatstewaarneming.fid-52f462e6_1a00bf9a57c_-447d,Dordrecht Oude Maas 300,dordrecht.oudemaas.300,226,2026-08-16T20:50:00.000Z,OW,graad,STROOMRTG,POINT (51.805266 4.636999)
locatiesmetlaatstewaarneming.fid-52f462e6_1a00bf9a57c_-447c,"Schiermonnikoog, Westgat",schiermonnikoog.westgat,83,2026-08-16T20:40:00.000Z,OW,cm,Hmax,POINT (53.52612 6.03565)
locatiesmetlaatstewaarneming.fid-52f462e6_1a00bf9a57c_-447b,Markelo,markelo,-13.82,2026-08-16T20:50:00.000Z,OW,m3/s,Q,POINT (52.198063 6.511601)
locatiesmetlaatstewaarneming.fid-52f462e6_1a00bf9a57c_-447a,"Schiermonnikoog, Westgat",schiermonnikoog.westgat,67,2026-08-16T20:40:00.000Z,OW,cm,H1/10,POINT (53.52612 6.03565)
locatiesmetlaatstewaarneming.fid-52f462e6_1a00bf9a57c_-4479,Tholen Bergsediepsluis,tholen.bergsediepsluis,348.2,2026-08-16T20:50:00.000Z,LT,graad,WINDRTG,POINT (51.510197 4.173901)
locatiesmetlaatstewaarneming.fid-52f462e6_1a00bf9a57c_-4478,"Schiermonnikoog, Westgat",schiermonnikoog.westgat,58,2026-08-16T20:40:00.000Z,OW,cm,Hm0,POINT (53.52612 6.03565)
locatiesmetlaatstewaarneming.fid-52f462e6_1a00bf9a57c_-4477,Haghorst Sluis 4 kolk,haghorst.sluis4.kolk,0,2026-08-16T20:30:00.000Z,OW,m3/s,Q,POINT (51.49823098 5.20772101)
locatiesmetlaatstewaarneming.fid-52f462e6_1a00bf9a57c_-4476,Kralendijk Plazabeach Terminal,kralendijk.plazabeachterminal,63.4,2026-02-27T13:40:00.000Z,OW,mg/l,CONCTTE,POINT (12.149638 -68.277813)
locatiesmetlaatstewaarneming.fid-52f462e6_1a00bf9a57c_-4475,"Schiermonnikoog, Westgat",schiermonnikoog.westgat,53,2026-08-16T20:40:00.000Z,OW,cm,H1/3,POINT (53.52612 6.03565)
locatiesmetlaatstewaarneming.fid-52f462e6_1a00bf9a57c_-4474,J6,j6,87,2026-08-16T20:40:00.000Z,OW,cm,H1/50,POINT (53.816632 2.95001)
locatiesmetlaatstewaarneming.fid-52f462e6_1a00bf9a57c_-4473,"Helmond, Sluis 9, uitlaat",helmond.sluis9.uitlaat,0.65,2026-08-16T19:40:00.000Z,OW,m3/s,Q,POINT (51.447636 5.684497)
locatiesmetlaatstewaarneming.fid-52f462e6_1a00bf9a57c_-4472,"Schouwenbank, 1",schouwenbank.1,33,2026-08-16T20:40:00.000Z,OW,cm,H1/3,POINT (51.745871 3.305423)
locatiesmetlaatstewaarneming.fid-52f462e6_1a00bf9a57c_-4471,"Schiermonnikoog, noord",schiermonnikoog.noord,8.8,2026-08-16T20:40:00.000Z,OW,s,Tmax,POINT (53.594837 6.165377)
locatiesmetlaatstewaarneming.fid-52f462e6_1a00bf9a57c_-4470,Dordrecht Hollands Diep 015,dordrecht.hollandschdiep.015,15.6,2026-08-16T20:50:00.000Z,OW,graad,STROOMRTG,POINT (51.71648 4.636418)
locatiesmetlaatstewaarneming.fid-52f462e6_1a00bf9a57c_-446f,Sint Philipsland Slaak noord,sintphilipsland.slaak.noord,4.45,2026-08-16T20:50:00.000Z,OW,mS/m,GELDHD,POINT (51.65423 4.15386)
locatiesmetlaatstewaarneming.fid-52f462e6_1a00bf9a57c_-446e,Sint Philipsland Slaak noord,sintphilipsland.slaak.noord,4.571,2026-08-16T20:50:00.000Z,OW,mS/m,GELDHD,POINT (51.65423 4.15386)
locatiesmetlaatstewaarneming.fid-52f462e6_1a00bf9a57c_-446d,"Tiel Sluis, kanaal",tiel.sluis.kanaal,136,2026-08-16T20:50:00.000Z,OW,cm,WATHTE,POINT (51.904386 5.452592)
locatiesmetlaatstewaarneming.fid-52f462e6_1a00bf9a57c_-446c,Schaar Stroomgat,schaar.stroomgat,0.317,2026-08-16T20:50:00.000Z,OW,m/s,STROOMSHD,POINT (51.65163 3.09968)
locatiesmetlaatstewaarneming.fid-52f462e6_1a00bf9a57c_-446b,"Someren, sluis 12, boven",someren.sluis12.boven,2710,2026-08-16T20:50:00.000Z,OW,cm,WATHTE,POINT (51.34945 5.74345)
locatiesmetlaatstewaarneming.fid-52f462e6_1a00bf9a57c_-446a,"Schiermonnikoog, noord",schiermonnikoog.noord,5.7,2026-08-16T20:40:00.000Z,OW,s,T_H1/3,POINT (53.594837 6.165377)
locatiesmetlaatstewaarneming.fid-52f462e6_1a00bf9a57c_-4469,"Tholen, Bergse Diepsluis, buiten",tholen.bergsediepsluis.buiten,110,2026-08-16T20:50:00.000Z,OW,cm,WATHTE,POINT (51.511335 4.165743)
locatiesmetlaatstewaarneming.fid-52f462e6_1a00bf9a57c_-4468,Brouwersdam Brouwershavense Gat 2,brouwersdam.brouwershavensegat.2,21.9,2026-08-16T20:50:00.000Z,OW,oC,T,POINT (51.766527 3.621747)
locatiesmetlaatstewaarneming.fid-52f462e6_1a00bf9a57c_-4467,"Schouwenbank, 1",schouwenbank.1,52,2026-08-16T20:40:00.000Z,OW,cm,Hmax,POINT (51.745871 3.305423)
locatiesmetlaatstewaarneming.fid-52f462e6_1a00bf9a57c_-4466,"Beek en Donk, Sluis 6, inlaat",beekendonk.sluis6.inlaat,2.02,2026-08-16T20:40:00.000Z,OW,m3/s,Q,POINT (51.539903 5.630658)
locatiesmetlaatstewaarneming.fid-52f462e6_1a00bf9a57c_-4465,Brouwersdam Brouwershavense Gat 2,brouwersdam.brouwershavensegat.2,20.1,2026-07-22T23:30:00.000Z,OW,oC,T,POINT (51.766527 3.621747)
locatiesmetlaatstewaarneming.fid-52f462e6_1a00bf9a57c_-4464,J6,j6,59,2026-08-16T20:40:00.000Z,OW,cm,Hm0,POINT (53.816632 2.95001)
locatiesmetlaatstewaarneming.fid-52f462e6_1a00bf9a57c_-4463,Maasvlakte Europahaven,maasvlakte.europahaven,-18,2026-08-14T14:50:00.000Z,OW,cm,WATHTE,POINT (51.962167 4.029139)
locatiesmetlaatstewaarneming.fid-52f462e6_1a00bf9a57c_-4462,"Schiermonnikoog, noord",schiermonnikoog.noord,5.4,2026-08-16T20:40:00.000Z,OW,s,Tm-10,POINT (53.594837 6.165377)
locatiesmetlaatstewaarneming.fid-52f462e6_1a00bf9a57c_-4461,"Negenoord, west",negenoord.west,2717,2026-08-16T20:40:00.000Z,OW,cm,WATHTE,POINT (51.029639 5.759194)
locatiesmetlaatstewaarneming.fid-52f462e6_1a00bf9a57c_-4460,"Rotterdam, Lekhaven",rotterdam.lekhaven,1.965,2026-08-16T20:50:00.000Z,OW,mS/m,GELDHD,POINT (51.904099 4.429597)
locatiesmetlaatstewaarneming.fid-52f462e6_1a00bf9a57c_-445f,"Rotterdam, Lekhaven",rotterdam.lekhaven,1.992,2026-08-16T20:50:00.000Z,OW,mS/m,GELDHD,POINT (51.904099 4.429597)
locatiesmetlaatstewaarneming.fid-52f462e6_1a00bf9a57c_-445e,"Rotterdam, Lekhaven",rotterdam.lekhaven,2.258,2026-08-16T20:50:00.000Z,OW,mS/m,GELDHD,POINT (51.904099 4.429597)
locatiesmetlaatstewaarneming.fid-52f462e6_1a00bf9a57c_-445d,"Cadzand, 1",cadzand.1,123.2,2026-08-16T20:50:00.000Z,LT,graad,WINDRTG,POINT (51.390145 3.368697)
locatiesmetlaatstewaarneming.fid-52f462e6_1a00bf9a57c_-445c,"Schouwenbank, 1",schouwenbank.1,36,2026-08-16T20:40:00.000Z,OW,cm,Hm0,POINT (51.745871 3.305423)
locatiesmetlaatstewaarneming.fid-52f462e6_1a00bf9a57c_-445b,"IJgeul, 3",ijgeul.3,46,2026-08-16T20:40:00.000Z,OW,cm,Hm0,POINT (52.49 4.3)
locatiesmetlaatstewaarneming.fid-52f462e6_1a00bf9a57c_-445a,Maassluis,maassluis,75,2026-08-16T20:50:00.000Z,OW,cm,WATHTE,POINT (51.917507 4.249788)
locatiesmetlaatstewaarneming.fid-52f462e6_1a00bf9a57c_-4459,Buitenbanken west,buitenbanken.west,160,2026-08-16T20:40:00.000Z,OW,Hz,Fp,POINT (51.79502 2.97225)
locatiesmetlaatstewaarneming.fid-52f462e6_1a00bf9a57c_-4458,J6,j6,64,2026-08-16T20:40:00.000Z,OW,cm,H1/3,POINT (53.816632 2.95001)
locatiesmetlaatstewaarneming.fid-52f462e6_1a00bf9a57c_-4457,"Schouwenbank, 1",schouwenbank.1,5,2026-08-16T20:40:00.000Z,OW,cm,HTE3,POINT (51.745871 3.305423)
locatiesmetlaatstewaarneming.fid-52f462e6_1a00bf9a57c_-4456,"IJgeul, 3",ijgeul.3,5,2026-08-16T20:40:00.000Z,OW,cm,HTE3,POINT (52.49 4.3)
locatiesmetlaatstewaarneming.fid-52f462e6_1a00bf9a57c_-4455,F3,f3,71,2026-08-16T20:40:00.000Z,OW,cm,Hm0,POINT (54.853199 4.726133)
locatiesmetlaatstewaarneming.fid-52f462e6_1a00bf9a57c_-4454,J6,j6,8,2026-08-16T20:40:00.000Z,OW,cm,HTE3,POINT (53.816632 2.95001)
locatiesmetlaatstewaarneming.fid-52f462e6_1a00bf9a57c_-4453,Dordrecht Hollands Diep 045,dordrecht.hollandschdiep.045,0.087,2026-08-16T20:50:00.000Z,OW,m/s,STROOMSHD,POINT (51.716703 4.636168)
locatiesmetlaatstewaarneming.fid-52f462e6_1a00bf9a57c_-4452,Ossenisse,ossenisse,22.8,2026-08-16T20:50:00.000Z,OW,oC,T,POINT (51.407884 3.966769)
locatiesmetlaatstewaarneming.fid-52f462e6_1a00bf9a57c_-4451,"IJgeul, 3",ijgeul.3,41,2026-08-16T20:40:00.000Z,OW,cm,H1/3,POINT (52.49 4.3)
locatiesmetlaatstewaarneming.fid-52f462e6_1a00bf9a57c_-4450,L9,l9,-55,2026-08-15T16:40:00.000Z,OW,cm,WATHTE,POINT (53.616667 4.966667)
locatiesmetlaatstewaarneming.fid-52f462e6_1a00bf9a57c_-444f,"Werkendam, Middelste Kievitswaard",werkendam.middelstekievitswaard,39,2026-08-16T20:40:00.000Z,OW,cm,WATHTE,POINT (51.784694 4.807028)
locatiesmetlaatstewaarneming.fid-52f462e6_1a00bf9a57c_-444e,F3,f3,103,2026-08-16T20:40:00.000Z,OW,cm,H1/50,POINT (54.853199 4.726133)
locatiesmetlaatstewaarneming.fid-52f462e6_1a00bf9a57c_-444d,'s-Hertogenbosch Engelen Dieze,shertogenbosch.engelen.dieze,2.4,2026-08-16T20:20:00.000Z,OW,m3/s,Q,POINT (51.73361 5.27297)
locatiesmetlaatstewaarneming.fid-52f462e6_1a00bf9a57c_-444c,"Schiermonnikoog, Westgat",schiermonnikoog.westgat,77,2026-08-16T20:40:00.000Z,OW,cm,H1/50,POINT (53.52612 6.03565)
locatiesmetlaatstewaarneming.fid-52f462e6_1a00bf9a57c_-444b,"Krabbersgat, IJsselmeer",krabbersgat.ijsselmeer,-26,2026-08-16T20:50:00.000Z,OW,cm,WATHTE,POINT (52.694 5.284)
locatiesmetlaatstewaarneming.fid-52f462e6_1a00bf9a57c_-444a,"Schiermonnikoog, Westgat",schiermonnikoog.westgat,170,2026-08-16T20:40:00.000Z,OW,Hz,Fp,POINT (53.52612 6.03565)
locatiesmetlaatstewaarneming.fid-52f462e6_1a00bf9a57c_-4449,"Panheel, gemaal",panheel.gemaal,6,2026-08-16T20:40:00.000Z,OW,m3/s,Q,POINT (51.176547 5.8563)
locatiesmetlaatstewaarneming.fid-52f462e6_1a00bf9a57c_-4448,"IJgeul, 3",ijgeul.3,65,2026-08-16T20:40:00.000Z,OW,cm,H1/50,POINT (52.49 4.3)
locatiesmetlaatstewaarneming.fid-52f462e6_1a00bf9a57c_-4447,Sint Philipsland Slaak zuid,sintphilipsland.slaak.zuid,1021,2026-08-16T20:50:00.000Z,OW,kg/m3,DICHTHD,POINT (51.65136 4.15109)
locatiesmetlaatstewaarneming.fid-52f462e6_1a00bf9a57c_-4446,Dordrecht Oude Maas 090,dordrecht.oudemaas.090,0.238,2026-08-16T20:50:00.000Z,OW,m/s,STROOMSHD,POINT (51.803704 4.638721)
locatiesmetlaatstewaarneming.fid-52f462e6_1a00bf9a57c_-4445,F3,f3,93,2026-08-16T20:40:00.000Z,OW,cm,H1/10,POINT (54.853199 4.726133)
locatiesmetlaatstewaarneming.fid-52f462e6_1a00bf9a57c_-4444,Oosterschelde Roompotsluis buiten,oosterschelde.roompotsluis.buiten,11,2026-08-16T20:40:00.000Z,OW,s,T1/3,POINT (51.619 3.68)
locatiesmetlaatstewaarneming.fid-52f462e6_1a00bf9a57c_-4443,Breda,breda,-5,2026-08-16T15:30:00.000Z,OW,cm,WATHTE,POINT (51.59401 4.77129)
locatiesmetlaatstewaarneming.fid-52f462e6_1a00bf9a57c_-4442,Ossenisse,ossenisse,119,2026-08-16T20:50:00.000Z,OW,cm,WATHTE,POINT (51.407884 3.966769)
locatiesmetlaatstewaarneming.fid-52f462e6_1a00bf9a57c_-4441,Hollandse Kust Noord Alpha,hollandsekust.noord.alpha,170,2026-08-16T20:40:00.000Z,OW,Hz,Fp,POINT (52.69777 4.2935)
locatiesmetlaatstewaarneming.fid-52f462e6_1a00bf9a57c_-4440,Brouwersdam Brouwershavense Gat 2,brouwersdam.brouwershavensegat.2,4,2026-08-16T20:50:00.000Z,OW,cm,WATHTE,POINT (51.766527 3.621747)
locatiesmetlaatstewaarneming.fid-52f462e6_1a00bf9a57c_-443f,"IJgeul, 3",ijgeul.3,53,2026-08-16T20:40:00.000Z,OW,cm,H1/10,POINT (52.49 4.3)
locatiesmetlaatstewaarneming.fid-52f462e6_1a00bf9a57c_-443e,Zwartsluis gemaal pomp1,zwartsluis.gemaal.pomp1,0,2026-08-16T20:30:00.000Z,OW,m3/s,Q,POINT (52.637761 6.079753)
locatiesmetlaatstewaarneming.fid-52f462e6_1a00bf9a57c_-443d,"Middelharnis, meetboei",middelharnis.meetboei,23.5,2026-08-16T20:50:00.000Z,OW,oC,T,POINT (51.776524 4.192119)
locatiesmetlaatstewaarneming.fid-52f462e6_1a00bf9a57c_-443c,"Middelharnis, meetboei",middelharnis.meetboei,22.1,2026-08-16T20:50:00.000Z,OW,oC,T,POINT (51.776524 4.192119)
locatiesmetlaatstewaarneming.fid-52f462e6_1a00bf9a57c_-443b,F3,f3,73,2026-08-16T20:40:00.000Z,OW,cm,H1/3,POINT (54.853199 4.726133)
locatiesmetlaatstewaarneming.fid-52f462e6_1a00bf9a57c_-443a,"Middelharnis, meetboei",middelharnis.meetboei,21.8,2026-08-16T20:50:00.000Z,OW,oC,T,POINT (51.776524 4.192119)
locatiesmetlaatstewaarneming.fid-52f462e6_1a00bf9a57c_-4439,Schaar Stroomgat,schaar.stroomgat,339.3,2026-08-16T20:50:00.000Z,OW,graad,STROOMRTG,POINT (51.65163 3.09968)
locatiesmetlaatstewaarneming.fid-52f462e6_1a00bf9a57c_-4438,"Kampen, IJssel",kampen.ijssel,-33,2026-08-16T20:50:00.000Z,OW,cm,WATHTE,POINT (52.552 5.9264)
locatiesmetlaatstewaarneming.fid-52f462e6_1a00bf9a57c_-4437,Hato Kaya Tilburg,hato.kayatilburg,27,2026-02-26T22:00:00.000Z,OW,oC,T,POINT (12.17712 -68.292651)
locatiesmetlaatstewaarneming.fid-52f462e6_1a00bf9a57c_-4436,Oosterschelde Roompotsluis buiten,oosterschelde.roompotsluis.buiten,3.6,2026-08-16T20:40:00.000Z,OW,s,Tm02,POINT (51.619 3.68)
locatiesmetlaatstewaarneming.fid-52f462e6_1a00bf9a57c_-4435,Yerseke,yerseke,120,2026-08-16T20:50:00.000Z,OW,cm,WATHTE,POINT (51.506154 4.07513)
locatiesmetlaatstewaarneming.fid-52f462e6_1a00bf9a57c_-4434,Hato Kaya Tilburg,hato.kayatilburg,26.9,2026-02-27T17:10:00.000Z,OW,oC,T,POINT (12.17712 -68.292651)
locatiesmetlaatstewaarneming.fid-52f462e6_1a00bf9a57c_-4433,"Cadzand, 2",cadzand.2,170,2026-08-16T20:40:00.000Z,OW,Hz,Fp,POINT (51.379298 3.376275)
locatiesmetlaatstewaarneming.fid-52f462e6_1a00bf9a57c_-4432,Bruinisse Krammersluis Volkerak Zuid,bruinisse.krammersluis.volkerakzuid,0.317,2026-08-16T20:50:00.000Z,OW,mS/m,GELDHD,POINT (51.661332 4.162606)
locatiesmetlaatstewaarneming.fid-52f462e6_1a00bf9a57c_-4431,Bruinisse Krammersluis Volkerak Zuid,bruinisse.krammersluis.volkerakzuid,0.371,2026-08-16T20:50:00.000Z,OW,mS/m,GELDHD,POINT (51.661332 4.162606)
locatiesmetlaatstewaarneming.fid-52f462e6_1a00bf9a57c_-4430,"Markermeer, midden",markermeer.midden,0.081,2026-08-16T20:50:00.000Z,OW,mS/m,GELDHD,POINT (52.5317 5.23124)
locatiesmetlaatstewaarneming.fid-52f462e6_1a00bf9a57c_-442f,"IJgeul, 3",ijgeul.3,89,2026-08-16T20:40:00.000Z,OW,cm,Hmax,POINT (52.49 4.3)
locatiesmetlaatstewaarneming.fid-52f462e6_1a00bf9a57c_-442e,Hollandse Kust Zuid platform Alpha,hollandsekust.zuid.alpha,13.1,2026-05-21T12:10:00.000Z,LT,oC,T,POINT (52.232547 4.19569)
locatiesmetlaatstewaarneming.fid-52f462e6_1a00bf9a57c_-442d,"Markermeer, midden",markermeer.midden,0.08,2026-08-16T20:50:00.000Z,OW,mS/m,GELDHD,POINT (52.5317 5.23124)
locatiesmetlaatstewaarneming.fid-52f462e6_1a00bf9a57c_-442c,"Stellendam, buiten",stellendam.buiten,16347,2026-08-16T20:50:00.000Z,OW,mg/l,CONCTTE,POINT (51.8317 4.042533)
locatiesmetlaatstewaarneming.fid-52f462e6_1a00bf9a57c_-442b,"Stellendam, buiten",stellendam.buiten,17058,2026-08-16T20:50:00.000Z,OW,mg/l,CONCTTE,POINT (51.8317 4.042533)
locatiesmetlaatstewaarneming.fid-52f462e6_1a00bf9a57c_-442a,"Vlieland, west",vlieland.west,321.9,2026-08-16T20:40:00.000Z,LT,graad,WINDRTG,POINT (53.249249 4.915364)
locatiesmetlaatstewaarneming.fid-52f462e6_1a00bf9a57c_-4429,Buggenum Hanssumerweerd,buggenum,1414,2026-08-16T20:50:00.000Z,OW,cm,WATHTE,POINT (51.22999 5.99556)
locatiesmetlaatstewaarneming.fid-52f462e6_1a00bf9a57c_-4428,"Stellendam, binnen",stellendam.binnen,0.076,2026-08-16T20:50:00.000Z,OW,mS/m,GELDHD,POINT (51.826694 4.050028)
locatiesmetlaatstewaarneming.fid-52f462e6_1a00bf9a57c_-4427,F3,f3,7,2026-08-16T20:40:00.000Z,OW,cm,HTE3,POINT (54.853199 4.726133)
locatiesmetlaatstewaarneming.fid-52f462e6_1a00bf9a57c_-4426,"Stellendam, binnen",stellendam.binnen,0.082,2026-08-16T20:50:00.000Z,OW,mS/m,GELDHD,POINT (51.826694 4.050028)
locatiesmetlaatstewaarneming.fid-52f462e6_1a00bf9a57c_-4425,"Stellendam, binnen",stellendam.binnen,0.362,2026-08-16T20:50:00.000Z,OW,mS/m,GELDHD,POINT (51.826694 4.050028)
locatiesmetlaatstewaarneming.fid-52f462e6_1a00bf9a57c_-4424,Hollandse Kust Noord Alpha,hollandsekust.noord.alpha,5,2026-08-16T20:40:00.000Z,OW,cm,HTE3,POINT (52.69777 4.2935)
locatiesmetlaatstewaarneming.fid-52f462e6_1a00bf9a57c_-4423,F3,f3,121,2026-08-16T20:40:00.000Z,OW,cm,Hmax,POINT (54.853199 4.726133)
locatiesmetlaatstewaarneming.fid-52f462e6_1a00bf9a57c_-4422,Europlatform,europlatform,5,2026-08-16T20:40:00.000Z,OW,s,Tm-10,POINT (51.99781 3.275071)
locatiesmetlaatstewaarneming.fid-52f462e6_1a00bf9a57c_-4421,Stavenisse,stavenisse,111,2026-08-16T20:50:00.000Z,OW,cm,WATHTE,POINT (51.598 4.004)
locatiesmetlaatstewaarneming.fid-52f462e6_1a00bf9a57c_-4420,Eierlandse Gat,eierlandsegat,170,2026-08-16T20:40:00.000Z,OW,Hz,Fp,POINT (53.2762 4.660347)
locatiesmetlaatstewaarneming.fid-52f462e6_1a00bf9a57c_-441f,Hollandse Kust Noord Alpha,hollandsekust.noord.alpha,85,2026-08-16T20:40:00.000Z,OW,cm,Hmax,POINT (52.69777 4.2935)
locatiesmetlaatstewaarneming.fid-52f462e6_1a00bf9a57c_-441e,"Markermeer, midden",markermeer.midden,0.75,2026-08-16T20:50:00.000Z,OW,RFU,FLUORCTE,POINT (52.5317 5.23124)
locatiesmetlaatstewaarneming.fid-52f462e6_1a00bf9a57c_-441d,"Markermeer, midden",markermeer.midden,0.77,2026-08-16T20:50:00.000Z,OW,RFU,FLUORCTE,POINT (52.5317 5.23124)
locatiesmetlaatstewaarneming.fid-52f462e6_1a00bf9a57c_-441c,"Lobith, Bovenrijn, Tolkamer",lobith.bovenrijn.tolkamer,614,2026-08-16T20:50:00.000Z,OW,cm,WATHTE,POINT (51.8495 6.1024)
locatiesmetlaatstewaarneming.fid-52f462e6_1a00bf9a57c_-441b,Europlatform,europlatform,5.3,2026-08-16T20:40:00.000Z,OW,s,T_H1/3,POINT (51.99781 3.275071)
locatiesmetlaatstewaarneming.fid-52f462e6_1a00bf9a57c_-441a,Hoek van Holland,hoekvanholland,15037,2026-08-16T20:50:00.000Z,OW,mg/l,CONCTTE,POINT (51.976899 4.119827)
locatiesmetlaatstewaarneming.fid-52f462e6_1a00bf9a57c_-4419,Hoek van Holland,hoekvanholland,15926,2026-08-16T20:50:00.000Z,OW,mg/l,CONCTTE,POINT (51.976899 4.119827)
locatiesmetlaatstewaarneming.fid-52f462e6_1a00bf9a57c_-4418,Hoek van Holland,hoekvanholland,17483,2026-08-16T20:50:00.000Z,OW,mg/l,CONCTTE,POINT (51.976899 4.119827)
locatiesmetlaatstewaarneming.fid-52f462e6_1a00bf9a57c_-4417,Vlakte van de Raan Deurloo,vlaktevanderaan.deurloo,5.5,2026-08-16T20:40:00.000Z,OW,s,T1/3,POINT (51.5027 3.242044)
locatiesmetlaatstewaarneming.fid-52f462e6_1a00bf9a57c_-4416,Hollandse Kust Noord Alpha,hollandsekust.noord.alpha,50,2026-08-16T20:40:00.000Z,OW,cm,Hm0,POINT (52.69777 4.2935)
locatiesmetlaatstewaarneming.fid-52f462e6_1a00bf9a57c_-4415,Millingen a/d Rijn,millingenaanderijn,474.06,2026-08-16T20:40:00.000Z,OW,m3/s,Q,POINT (51.872957 6.034838)
locatiesmetlaatstewaarneming.fid-52f462e6_1a00bf9a57c_-4414,"Stortemelk, oost",stortemelk.oost,3.1,2026-08-16T20:40:00.000Z,OW,s,Tm02,POINT (53.321314 5.102088)
locatiesmetlaatstewaarneming.fid-52f462e6_1a00bf9a57c_-4413,"Schiermonnikoog, noord",schiermonnikoog.noord,20.5,2026-08-16T20:50:00.000Z,OW,oC,T,POINT (53.594837 6.165377)
locatiesmetlaatstewaarneming.fid-52f462e6_1a00bf9a57c_-4412,Europlatform,europlatform,8.5,2026-08-16T20:40:00.000Z,OW,s,Tmax,POINT (51.99781 3.275071)
locatiesmetlaatstewaarneming.fid-52f462e6_1a00bf9a57c_-4411,Marollegat,marollegat,130,2026-08-16T20:50:00.000Z,OW,cm,WATHTE,POINT (51.479747 4.191958)
locatiesmetlaatstewaarneming.fid-52f462e6_1a00bf9a57c_-4410,"Schouwenbank, 1",schouwenbank.1,190,2026-08-16T20:40:00.000Z,OW,Hz,Fp,POINT (51.745871 3.305423)
locatiesmetlaatstewaarneming.fid-52f462e6_1a00bf9a57c_-440f,"Wielingen, noord",wielingen.noord,200,2026-08-16T20:40:00.000Z,OW,Hz,Fp,POINT (51.432512 3.415364)
locatiesmetlaatstewaarneming.fid-52f462e6_1a00bf9a57c_-440e,"Stortemelk, oost",stortemelk.oost,3.1,2026-08-16T20:40:00.000Z,OW,s,T_Hmax,POINT (53.321314 5.102088)
locatiesmetlaatstewaarneming.fid-52f462e6_1a00bf9a57c_-440d,"Den Helder, De Kooy",denhelder.dekooy,325.6,2026-08-16T20:40:00.000Z,LT,graad,WINDRTG,POINT (52.923506 4.786483)
locatiesmetlaatstewaarneming.fid-52f462e6_1a00bf9a57c_-440c,"Rilland, Bathsebrug",rilland.bathsebrug,23.1,2026-08-16T20:50:00.000Z,OW,oC,T,POINT (51.42503 4.231181)
locatiesmetlaatstewaarneming.fid-52f462e6_1a00bf9a57c_-440b,"Rilland, Bathsebrug",rilland.bathsebrug,23.1,2026-08-16T20:50:00.000Z,OW,oC,T,POINT (51.42503 4.231181)
locatiesmetlaatstewaarneming.fid-52f462e6_1a00bf9a57c_-440a,Hollandse Kust Noord Alpha,hollandsekust.noord.alpha,51,2026-08-16T20:40:00.000Z,OW,cm,H1/3,POINT (52.69777 4.2935)
locatiesmetlaatstewaarneming.fid-52f462e6_1a00bf9a57c_-4409,"Stortemelk, oost",stortemelk.oost,6.9,2026-08-16T20:40:00.000Z,OW,s,Tmax,POINT (53.321314 5.102088)
locatiesmetlaatstewaarneming.fid-52f462e6_1a00bf9a57c_-4408,Europlatform,europlatform,5.1,2026-08-16T20:40:00.000Z,OW,s,Tm-10,POINT (51.99781 3.275071)
locatiesmetlaatstewaarneming.fid-52f462e6_1a00bf9a57c_-4407,Vlakte van de Raan Deurloo,vlaktevanderaan.deurloo,3.7,2026-08-16T20:40:00.000Z,OW,s,Tm02,POINT (51.5027 3.242044)
locatiesmetlaatstewaarneming.fid-52f462e6_1a00bf9a57c_-4406,Lanaken-Smeermaas,lanaken,3611,2026-08-16T20:40:00.000Z,OW,cm,WATHTE,POINT (50.889528 5.683083)
locatiesmetlaatstewaarneming.fid-52f462e6_1a00bf9a57c_-4405,J6,j6,350,2026-08-16T20:40:00.000Z,OW,Hz,Fp,POINT (53.816632 2.95001)
locatiesmetlaatstewaarneming.fid-52f462e6_1a00bf9a57c_-4404,"Stortemelk, oost",stortemelk.oost,4.9,2026-08-16T20:40:00.000Z,OW,s,T1/3,POINT (53.321314 5.102088)
locatiesmetlaatstewaarneming.fid-52f462e6_1a00bf9a57c_-4403,Hollandse Kust Noord Alpha,hollandsekust.noord.alpha,63,2026-08-16T20:40:00.000Z,OW,cm,H1/10,POINT (52.69777 4.2935)
locatiesmetlaatstewaarneming.fid-52f462e6_1a00bf9a57c_-4402,Epen Geul Cottessen,epen.geul.cottessen,0.36,2026-08-16T20:30:00.000Z,OW,m3/s,Q,POINT (50.75815138 5.934303783)
locatiesmetlaatstewaarneming.fid-52f462e6_1a00bf9a57c_-4401,"Helmond, sluis, boven",helmond.sluis.boven,5.91,2026-08-16T20:40:00.000Z,OW,m3/s,Q,POINT (51.44851 5.693609)
locatiesmetlaatstewaarneming.fid-52f462e6_1a00bf9a57c_-4400,"Wijk bij Duurstede, Amsterdam-Rijnkanaal",wijkbijduurstede.amsterdamrijnkanaal,0.086,2026-08-16T20:50:00.000Z,OW,m/s,STROOMSHD,POINT (51.97479 5.293258)
locatiesmetlaatstewaarneming.fid-52f462e6_1a00bf9a57c_-43ff,"Schouwenbank, 1",schouwenbank.1,24,2026-08-16T20:40:00.000Z,OW,DIMSLS,AV10_H,POINT (51.745871 3.305423)
locatiesmetlaatstewaarneming.fid-52f462e6_1a00bf9a57c_-43fe,Europlatform,europlatform,4.2,2026-08-16T20:40:00.000Z,OW,s,Tm02,POINT (51.99781 3.275071)
locatiesmetlaatstewaarneming.fid-52f462e6_1a00bf9a57c_-43fd,"Stortemelk, oost",stortemelk.oost,3.9,2026-08-16T20:40:00.000Z,OW,s,T_H1/3,POINT (53.321314 5.102088)
locatiesmetlaatstewaarneming.fid-52f462e6_1a00bf9a57c_-43fc,Venlo,venlo,1114,2026-08-16T20:50:00.000Z,OW,cm,WATHTE,POINT (51.367387 6.159406)
locatiesmetlaatstewaarneming.fid-52f462e6_1a00bf9a57c_-43fb,"Stellendam, buiten",stellendam.buiten,4.299,2026-08-16T20:50:00.000Z,OW,mS/m,GELDHD,POINT (51.8317 4.042533)
locatiesmetlaatstewaarneming.fid-52f462e6_1a00bf9a57c_-43fa,"Stellendam, buiten",stellendam.buiten,4.445,2026-08-16T20:50:00.000Z,OW,mS/m,GELDHD,POINT (51.8317 4.042533)
locatiesmetlaatstewaarneming.fid-52f462e6_1a00bf9a57c_-43f9,Hollandse Kust Noord Alpha,hollandsekust.noord.alpha,75,2026-08-16T20:40:00.000Z,OW,cm,H1/50,POINT (52.69777 4.2935)
locatiesmetlaatstewaarneming.fid-52f462e6_1a00bf9a57c_-43f8,Den Hoorn Texel Waddenzee Gat van de Stier,denhoorntexel.waddenzee.gatvandestier,500,2026-08-16T20:40:00.000Z,OW,Hz,Fp,POINT (53 4.828333)
locatiesmetlaatstewaarneming.fid-52f462e6_1a00bf9a57c_-43f7,Kinderdijk Lek,kinderdijk.lek,23.4,2026-08-16T20:50:00.000Z,OW,oC,T,POINT (51.8883 4.62599)
locatiesmetlaatstewaarneming.fid-52f462e6_1a00bf9a57c_-43f6,"Stortemelk, west",stortemelk.west,170,2026-08-16T20:40:00.000Z,OW,Hz,Fp,POINT (53.320717 4.995998)
locatiesmetlaatstewaarneming.fid-52f462e6_1a00bf9a57c_-43f5,"Dinteloord, Volkerak",dinteloord.volkerak,-1,2026-08-16T20:50:00.000Z,OW,cm,WATHTE,POINT (51.65291 4.316483)
locatiesmetlaatstewaarneming.fid-52f462e6_1a00bf9a57c_-43f4,A12 platform,a12,200,2026-08-16T20:40:00.000Z,OW,Hz,Fp,POINT (55.383333 3.8)
locatiesmetlaatstewaarneming.fid-52f462e6_1a00bf9a57c_-43f3,Buitenbanken west,buitenbanken.west,5,2026-08-16T20:40:00.000Z,OW,cm,HTE3,POINT (51.79502 2.97225)
locatiesmetlaatstewaarneming.fid-52f462e6_1a00bf9a57c_-43f2,"Stortemelk, oost",stortemelk.oost,3.8,2026-08-16T20:40:00.000Z,OW,s,Tm-10,POINT (53.321314 5.102088)
locatiesmetlaatstewaarneming.fid-52f462e6_1a00bf9a57c_-43f1,Ramspolkering Ketelmeerzijde,ramspolkering.ketelmeer,-24,2026-08-16T19:50:00.000Z,OW,cm,WATHTE,POINT (52.610468 5.84081401)
locatiesmetlaatstewaarneming.fid-52f462e6_1a00bf9a57c_-43f0,"Kamperland, Schotsman",kamperland.schotsman,17784,2026-08-16T20:50:00.000Z,OW,mg/l,CONCTTE,POINT (51.581616 3.643279)
locatiesmetlaatstewaarneming.fid-52f462e6_1a00bf9a57c_-43ef,"Kamperland, Schotsman",kamperland.schotsman,17611,2026-08-16T20:50:00.000Z,OW,mg/l,CONCTTE,POINT (51.581616 3.643279)
locatiesmetlaatstewaarneming.fid-52f462e6_1a00bf9a57c_-43ee,"Rosmalen, Hintham, beneden",rosmalen.hintham.beneden,0,2026-08-16T20:30:00.000Z,OW,m3/s,Q,POINT (51.700278 5.358111)
locatiesmetlaatstewaarneming.fid-52f462e6_1a00bf9a57c_-43ed,Lemmer Teroelsterkolk buiten,lemmer.teroelsterkolk.buiten,181,2026-08-16T20:00:00.000Z,OW,mg/l,CONCTTE,POINT (52.84506 5.68338)
locatiesmetlaatstewaarneming.fid-52f462e6_1a00bf9a57c_-43ec,Bruinisse Krammersluis Volkerak Noord,bruinisse.krammersluis.volkeraknoord,0.289,2026-08-16T20:50:00.000Z,OW,mS/m,GELDHD,POINT (51.661806 4.16253)
locatiesmetlaatstewaarneming.fid-52f462e6_1a00bf9a57c_-43eb,Bruinisse Krammersluis Volkerak Noord,bruinisse.krammersluis.volkeraknoord,0.37,2026-08-16T20:50:00.000Z,OW,mS/m,GELDHD,POINT (51.661806 4.16253)
locatiesmetlaatstewaarneming.fid-52f462e6_1a00bf9a57c_-43ea,Den Hoorn Texel Waddenzee Gat van de Stier,denhoorntexel.waddenzee.gatvandestier,3,2026-08-16T20:40:00.000Z,OW,cm,H1/3,POINT (53 4.828333)
locatiesmetlaatstewaarneming.fid-52f462e6_1a00bf9a57c_-43e9,"Eefde, sluis, beneden",eefde.sluis.beneden,96,2026-08-16T20:50:00.000Z,OW,cm,WATHTE,POINT (52.159061 6.22836)
locatiesmetlaatstewaarneming.fid-52f462e6_1a00bf9a57c_-43e8,Buitenbanken west,buitenbanken.west,33,2026-08-16T20:40:00.000Z,OW,cm,H1/3,POINT (51.79502 2.97225)
locatiesmetlaatstewaarneming.fid-52f462e6_1a00bf9a57c_-43e7,Sint Philipsland Slaak zuid,sintphilipsland.slaak.zuid,17359,2026-08-16T20:50:00.000Z,OW,mg/l,CONCTTE,POINT (51.65136 4.15109)
locatiesmetlaatstewaarneming.fid-52f462e6_1a00bf9a57c_-43e6,Kralendijk Plazabeach Terminal,kralendijk.plazabeachterminal,5.705,2026-02-27T13:40:00.000Z,OW,mS/m,GELDHD,POINT (12.149638 -68.277813)
locatiesmetlaatstewaarneming.fid-52f462e6_1a00bf9a57c_-43e5,"Rotterdam, luchthaven",rotterdam.luchthaven,19.1,2026-08-16T20:40:00.000Z,LT,oC,T,POINT (51.949205 4.448717)
locatiesmetlaatstewaarneming.fid-52f462e6_1a00bf9a57c_-43e4,Parksluis,parksluis,96,2026-08-16T20:50:00.000Z,OW,cm,WATHTE,POINT (51.906535 4.464452)
locatiesmetlaatstewaarneming.fid-52f462e6_1a00bf9a57c_-43e3,"Roermond, stuw, boven",roermond.stuw.boven,23.3,2026-08-16T20:50:00.000Z,OW,oC,T,POINT (51.21073 5.982902)
locatiesmetlaatstewaarneming.fid-52f462e6_1a00bf9a57c_-43e2,"Ommen, Vecht",ommen.vecht,265,2026-08-16T20:50:00.000Z,OW,cm,WATHTE,POINT (52.517096 6.421919)
locatiesmetlaatstewaarneming.fid-52f462e6_1a00bf9a57c_-43e1,Bruinisse Krammersluis Volkerak Noord,bruinisse.krammersluis.volkeraknoord,766,2026-08-16T20:50:00.000Z,OW,mg/l,CONCTTE,POINT (51.661806 4.16253)
locatiesmetlaatstewaarneming.fid-52f462e6_1a00bf9a57c_-43e0,Bruinisse Krammersluis Volkerak Noord,bruinisse.krammersluis.volkeraknoord,1028,2026-08-16T20:50:00.000Z,OW,mg/l,CONCTTE,POINT (51.661806 4.16253)
locatiesmetlaatstewaarneming.fid-52f462e6_1a00bf9a57c_-43df,Dordrecht Hollands Diep 075,dordrecht.hollandschdiep.075,36.6,2026-08-16T20:50:00.000Z,OW,graad,STROOMRTG,POINT (51.716917 4.635919)
locatiesmetlaatstewaarneming.fid-52f462e6_1a00bf9a57c_-43de,"Schouwenbank, 2",schouwenbank.2,4.2,2026-08-16T20:40:00.000Z,OW,s,Tm02,POINT (51.7438 3.3062)
locatiesmetlaatstewaarneming.fid-52f462e6_1a00bf9a57c_-43dd,Den Hoorn Texel Waddenzee Gat van de Stier,denhoorntexel.waddenzee.gatvandestier,4,2026-08-16T20:40:00.000Z,OW,cm,H1/10,POINT (53 4.828333)
locatiesmetlaatstewaarneming.fid-52f462e6_1a00bf9a57c_-43dc,Megen Dorp,megen.maas,495,2026-08-16T20:50:00.000Z,OW,cm,WATHTE,POINT (51.827827 5.563091)
locatiesmetlaatstewaarneming.fid-52f462e6_1a00bf9a57c_-43db,Eierlandse Gat,eierlandsegat,61,2026-08-16T20:40:00.000Z,OW,cm,Hm0,POINT (53.2762 4.660347)
locatiesmetlaatstewaarneming.fid-52f462e6_1a00bf9a57c_-43da,"IJgeul, 3",ijgeul.3,337,2026-08-16T20:40:00.000Z,OW,graad,Th0,POINT (52.49 4.3)
locatiesmetlaatstewaarneming.fid-52f462e6_1a00bf9a57c_-43d9,Schoonhoven,schoonhoven,79,2026-08-16T20:50:00.000Z,OW,cm,WATHTE,POINT (51.942 4.85)
locatiesmetlaatstewaarneming.fid-52f462e6_1a00bf9a57c_-43d8,"Haringvliet, Kier3",haringvliet.3,21.7,2026-08-16T20:50:00.000Z,OW,oC,T,POINT (51.826032 4.051158)
locatiesmetlaatstewaarneming.fid-52f462e6_1a00bf9a57c_-43d7,"Haringvliet, Kier3",haringvliet.3,21.8,2026-08-16T20:50:00.000Z,OW,oC,T,POINT (51.826032 4.051158)
locatiesmetlaatstewaarneming.fid-52f462e6_1a00bf9a57c_-43d6,"Haringvliet, Kier3",haringvliet.3,22,2026-08-16T20:50:00.000Z,OW,oC,T,POINT (51.826032 4.051158)
locatiesmetlaatstewaarneming.fid-52f462e6_1a00bf9a57c_-43d5,"Schiermonnikoog, noord",schiermonnikoog.noord,25,2025-11-25T08:40:00.000Z,OW,graad,S0BH,POINT (53.594837 6.165377)
locatiesmetlaatstewaarneming.fid-52f462e6_1a00bf9a57c_-43d4,"Schouwenbank, 2",schouwenbank.2,6,2026-08-16T20:40:00.000Z,OW,s,T1/3,POINT (51.7438 3.3062)
locatiesmetlaatstewaarneming.fid-52f462e6_1a00bf9a57c_-43d3,Buitenbanken west,buitenbanken.west,40,2026-08-16T20:40:00.000Z,OW,cm,Hm0,POINT (51.79502 2.97225)
locatiesmetlaatstewaarneming.fid-52f462e6_1a00bf9a57c_-43d2,Walsoorden,walsoorden,129,2026-08-16T20:50:00.000Z,OW,cm,WATHTE,POINT (51.398427 4.026206)
locatiesmetlaatstewaarneming.fid-52f462e6_1a00bf9a57c_-43d1,A12 platform,a12,6,2026-08-16T20:40:00.000Z,OW,cm,HTE3,POINT (55.383333 3.8)
locatiesmetlaatstewaarneming.fid-52f462e6_1a00bf9a57c_-43d0,"IJgeul, 3",ijgeul.3,310,2026-08-16T20:40:00.000Z,OW,graad,Th3,POINT (52.49 4.3)
locatiesmetlaatstewaarneming.fid-52f462e6_1a00bf9a57c_-43cf,Den Hoorn Texel Waddenzee Gat van de Stier,denhoorntexel.waddenzee.gatvandestier,5,2026-08-16T20:40:00.000Z,OW,cm,H1/50,POINT (53 4.828333)
locatiesmetlaatstewaarneming.fid-52f462e6_1a00bf9a57c_-43ce,Eindhoven Stuw Blaarthem kanaal,eindhoven.blaarthem.kanaal,0,2026-08-16T20:30:00.000Z,OW,m3/s,Q,POINT (51.42181 5.44542)
locatiesmetlaatstewaarneming.fid-52f462e6_1a00bf9a57c_-43cd,"Someren, sluis 12, beneden",someren.sluis12.beneden,2511,2026-08-16T20:50:00.000Z,OW,cm,WATHTE,POINT (51.3507 5.74324)
locatiesmetlaatstewaarneming.fid-52f462e6_1a00bf9a57c_-43cc,Eierlandse Gat,eierlandsegat,89,2026-08-16T20:40:00.000Z,OW,cm,Hmax,POINT (53.2762 4.660347)
locatiesmetlaatstewaarneming.fid-52f462e6_1a00bf9a57c_-43cb,Bruinisse Grevelingensluis,bruinisse.grevelingensluis,70.3,2026-08-16T20:50:00.000Z,LT,graad,WINDRTG,POINT (51.666611 4.095666)
locatiesmetlaatstewaarneming.fid-52f462e6_1a00bf9a57c_-43ca,"Den Helder, De Kooy",denhelder.dekooy,1.17,2026-08-16T20:40:00.000Z,LT,m/s,WINDSHD,POINT (52.923506 4.786483)
locatiesmetlaatstewaarneming.fid-52f462e6_1a00bf9a57c_-43c9,"Rotterdam, Lekhaven",rotterdam.lekhaven,6883,2026-08-16T20:50:00.000Z,OW,mg/l,CONCTTE,POINT (51.904099 4.429597)
locatiesmetlaatstewaarneming.fid-52f462e6_1a00bf9a57c_-43c8,Sint Pieter Noord,maastricht.sintpieter,17.73,2026-08-16T20:50:00.000Z,OW,m3/s,Q,POINT (50.830294 5.69732)
locatiesmetlaatstewaarneming.fid-52f462e6_1a00bf9a57c_-43c7,"Rotterdam, Lekhaven",rotterdam.lekhaven,6930,2026-08-16T20:50:00.000Z,OW,mg/l,CONCTTE,POINT (51.904099 4.429597)
locatiesmetlaatstewaarneming.fid-52f462e6_1a00bf9a57c_-43c6,"Rotterdam, Lekhaven",rotterdam.lekhaven,7960,2026-08-16T20:50:00.000Z,OW,mg/l,CONCTTE,POINT (51.904099 4.429597)
locatiesmetlaatstewaarneming.fid-52f462e6_1a00bf9a57c_-43c5,"IJmuiden, munitiestort, 1",ijmuiden.munitiestort.1,200,2026-08-11T00:10:00.000Z,OW,Hz,Fp,POINT (52.549225 4.057019)
locatiesmetlaatstewaarneming.fid-52f462e6_1a00bf9a57c_-43c4,Sint Philipsland Slaak noord,sintphilipsland.slaak.noord,1020,2026-08-16T20:50:00.000Z,OW,kg/m3,DICHTHD,POINT (51.65423 4.15386)
locatiesmetlaatstewaarneming.fid-52f462e6_1a00bf9a57c_-43c3,Sint Philipsland Slaak noord,sintphilipsland.slaak.noord,1021,2026-08-16T20:50:00.000Z,OW,kg/m3,DICHTHD,POINT (51.65423 4.15386)
locatiesmetlaatstewaarneming.fid-52f462e6_1a00bf9a57c_-43c2,"Aarle Rixtel, Schabbert, uitlaat",aarlerixtel.schabbert.uitlaat,0.8,2026-08-16T20:30:00.000Z,OW,m3/s,Q,POINT (51.521264 5.653569)
locatiesmetlaatstewaarneming.fid-52f462e6_1a00bf9a57c_-43c1,A12 platform,a12,47,2026-08-16T20:50:00.000Z,OW,cm,WATHTE,POINT (55.383333 3.8)
locatiesmetlaatstewaarneming.fid-52f462e6_1a00bf9a57c_-43c0,Vlissingen Honte,vlissingen.honte,3.4,2026-08-16T20:40:00.000Z,OW,s,Tm02,POINT (51.4363 3.69231)
locatiesmetlaatstewaarneming.fid-52f462e6_1a00bf9a57c_-43bf,"Stortemelk, oost",stortemelk.oost,339,2026-08-16T20:40:00.000Z,OW,graad,Th3,POINT (53.321314 5.102088)
locatiesmetlaatstewaarneming.fid-52f462e6_1a00bf9a57c_-43be,"Spijkenisse, Beerenplaat",spijkenisse.beerenplaat,0.713,2026-08-16T20:50:00.000Z,OW,mS/m,GELDHD,POINT (51.839573 4.420907)
locatiesmetlaatstewaarneming.fid-52f462e6_1a00bf9a57c_-43bd,"Stellendam, Haringvlietsluizen, schuif 10",stellendam.haringvlietsluizen.schuif10,0,2026-08-16T20:50:00.000Z,NVT,cm,HEFHTE,POINT (51.832333 4.0492)
locatiesmetlaatstewaarneming.fid-52f462e6_1a00bf9a57c_-43bc,Den Hoorn Texel Waddenzee Gat van de Stier,denhoorntexel.waddenzee.gatvandestier,6,2026-08-16T20:40:00.000Z,OW,cm,Hmax,POINT (53 4.828333)
locatiesmetlaatstewaarneming.fid-52f462e6_1a00bf9a57c_-43bb,"Werkendam, Binnen Kievitswaard",werkendam.binnenkievitswaard,27,2026-08-16T20:40:00.000Z,OW,cm,WATHTE,POINT (51.792222 4.830278)
locatiesmetlaatstewaarneming.fid-52f462e6_1a00bf9a57c_-43ba,"Nieuwegein, lekkanaal",nieuwegein.lekkanaal,110,2026-08-16T20:50:00.000Z,OW,mg/l,CONCTTE,POINT (52.022729 5.113007)
locatiesmetlaatstewaarneming.fid-52f462e6_1a00bf9a57c_-43b9,"Markermeer, midden",markermeer.midden,8.87,2026-08-16T20:50:00.000Z,OW,DIMSLS,pH,POINT (52.5317 5.23124)
locatiesmetlaatstewaarneming.fid-52f462e6_1a00bf9a57c_-43b8,A12 platform,a12,68,2026-08-16T20:40:00.000Z,OW,cm,H1/3,POINT (55.383333 3.8)
locatiesmetlaatstewaarneming.fid-52f462e6_1a00bf9a57c_-43b7,Dordrecht Oude Maas 150,dordrecht.oudemaas.150,221.9,2026-08-16T20:50:00.000Z,OW,graad,STROOMRTG,POINT (51.80415 4.638221)
locatiesmetlaatstewaarneming.fid-52f462e6_1a00bf9a57c_-43b6,"Stortemelk, oost",stortemelk.oost,306,2026-08-16T20:40:00.000Z,OW,graad,Th0,POINT (53.321314 5.102088)
locatiesmetlaatstewaarneming.fid-52f462e6_1a00bf9a57c_-43b5,"Markermeer, midden",markermeer.midden,8.7,2026-08-16T20:50:00.000Z,OW,DIMSLS,pH,POINT (52.5317 5.23124)
locatiesmetlaatstewaarneming.fid-52f462e6_1a00bf9a57c_-43b4,Eierlandse Gat,eierlandsegat,68,2026-08-16T20:40:00.000Z,OW,cm,H1/10,POINT (53.2762 4.660347)
locatiesmetlaatstewaarneming.fid-52f462e6_1a00bf9a57c_-43b3,"Eefde, sluis, beneden",eefde.sluis.beneden,25.4,2026-08-16T20:50:00.000Z,OW,oC,T,POINT (52.159061 6.22836)
locatiesmetlaatstewaarneming.fid-52f462e6_1a00bf9a57c_-43b2,Oosterschelde Roompotsluis binnen,oosterschelde.roompotsluis.binnen,-10,2026-06-19T11:00:00.000Z,OW,cm,WATHTE,POINT (51.618 3.688)
locatiesmetlaatstewaarneming.fid-52f462e6_1a00bf9a57c_-43b1,Sint Annaland haven,sintannaland.oosterschelde,105,2026-08-16T20:50:00.000Z,OW,cm,WATHTE,POINT (51.6036 4.1096)
locatiesmetlaatstewaarneming.fid-52f462e6_1a00bf9a57c_-43b0,"Spijkenisse, Oude Maas",spijkenisse.oudemaas,72,2026-08-16T20:50:00.000Z,OW,cm,WATHTE,POINT (51.861661 4.333954)
locatiesmetlaatstewaarneming.fid-52f462e6_1a00bf9a57c_-43af,"Sambeek, beneden",sambeek.beneden,804,2026-08-16T20:50:00.000Z,OW,cm,WATHTE,POINT (51.6458 5.972)
locatiesmetlaatstewaarneming.fid-52f462e6_1a00bf9a57c_-43ae,IJmuiden Munitiestort 2,ijmuiden.munitiestort.2,160,2026-08-16T20:40:00.000Z,OW,Hz,Fp,POINT (52.568244 4.0782)
locatiesmetlaatstewaarneming.fid-52f462e6_1a00bf9a57c_-43ad,Hoek van Holland,hoekvanholland,3.895,2026-08-16T20:50:00.000Z,OW,mS/m,GELDHD,POINT (51.976899 4.119827)
locatiesmetlaatstewaarneming.fid-52f462e6_1a00bf9a57c_-43ac,Hoek van Holland,hoekvanholland,4.082,2026-08-16T20:50:00.000Z,OW,mS/m,GELDHD,POINT (51.976899 4.119827)
locatiesmetlaatstewaarneming.fid-52f462e6_1a00bf9a57c_-43ab,Hoek van Holland,hoekvanholland,4.419,2026-08-16T20:50:00.000Z,OW,mS/m,GELDHD,POINT (51.976899 4.119827)
locatiesmetlaatstewaarneming.fid-52f462e6_1a00bf9a57c_-43aa,"Goeree, lichteiland",goeree.lichteiland,170,2026-08-16T20:40:00.000Z,OW,Hz,Fp,POINT (51.925034 3.668416)
locatiesmetlaatstewaarneming.fid-52f462e6_1a00bf9a57c_-43a9,"Belfeld, boven",belfeld.boven,1417,2026-08-16T20:50:00.000Z,OW,cm,WATHTE,POINT (51.3189 6.1123)
locatiesmetlaatstewaarneming.fid-52f462e6_1a00bf9a57c_-43a8,Borssele Windpark Alpha platform,borsselealpha,13.6,2026-05-21T12:10:00.000Z,LT,oC,T,POINT (51.699921 3.056707)
locatiesmetlaatstewaarneming.fid-52f462e6_1a00bf9a57c_-43a7,Den Hoorn Texel Waddenzee Gat van de Stier,denhoorntexel.waddenzee.gatvandestier,4,2026-08-16T20:40:00.000Z,OW,cm,Hm0,POINT (53 4.828333)
locatiesmetlaatstewaarneming.fid-52f462e6_1a00bf9a57c_-43a6,Vlissingen Honte,vlissingen.honte,5.1,2026-08-16T20:40:00.000Z,OW,s,T1/3,POINT (51.4363 3.69231)
locatiesmetlaatstewaarneming.fid-52f462e6_1a00bf9a57c_-43a5,Wieringen IJsselmeer oost,wieringen.ijsselmeer.oost,226,2026-08-16T20:50:00.000Z,OW,mg/l,CONCTTE,POINT (52.873472 5.118889)
locatiesmetlaatstewaarneming.fid-52f462e6_1a00bf9a57c_-43a4,Dordrecht Oude Maas 165,dordrecht.oudemaas.165,0.07,2026-08-16T20:50:00.000Z,OW,m/s,STROOMSHD,POINT (51.804266 4.638103)
locatiesmetlaatstewaarneming.fid-52f462e6_1a00bf9a57c_-43a3,"Haringvliet, Kier1",haringvliet.1,87,2026-04-24T12:50:00.000Z,OW,mg/l,CONCTTE,POINT (51.79685 4.12387)
locatiesmetlaatstewaarneming.fid-52f462e6_1a00bf9a57c_-43a2,"Haringvliet, Kier1",haringvliet.1,100,2026-04-24T12:50:00.000Z,OW,mg/l,CONCTTE,POINT (51.79685 4.12387)
locatiesmetlaatstewaarneming.fid-52f462e6_1a00bf9a57c_-43a1,A12 platform,a12,91,2026-08-16T20:40:00.000Z,OW,cm,H1/50,POINT (55.383333 3.8)
locatiesmetlaatstewaarneming.fid-52f462e6_1a00bf9a57c_-43a0,"Bruinisse Krammersluis sluis, Oosterschelde",bruinisse.krammersluis.oosterschelde.1,4.443,2026-08-16T20:50:00.000Z,OW,mS/m,GELDHD,POINT (51.661389 4.155639)
locatiesmetlaatstewaarneming.fid-52f462e6_1a00bf9a57c_-439f,Eierlandse Gat,eierlandsegat,79,2026-08-16T20:40:00.000Z,OW,cm,H1/50,POINT (53.2762 4.660347)
locatiesmetlaatstewaarneming.fid-52f462e6_1a00bf9a57c_-439e,"Haringvliet, Kier1",haringvliet.1,2130,2026-04-24T12:50:00.000Z,OW,mg/l,CONCTTE,POINT (51.79685 4.12387)
locatiesmetlaatstewaarneming.fid-52f462e6_1a00bf9a57c_-439d,Kornwerderzand IJsselmeer Middelgronden,kornwerderzand.ijsselmeer.middelgronden,0.11,2026-08-16T20:50:00.000Z,OW,mS/m,GELDHD,POINT (53.05167 5.3103)
locatiesmetlaatstewaarneming.fid-52f462e6_1a00bf9a57c_-439c,"Bruinisse Krammersluis sluis, Oosterschelde",bruinisse.krammersluis.oosterschelde.1,4.497,2026-08-16T20:50:00.000Z,OW,mS/m,GELDHD,POINT (51.661389 4.155639)
locatiesmetlaatstewaarneming.fid-52f462e6_1a00bf9a57c_-439b,"Haringvliet, Kier1",haringvliet.1,104,2026-08-16T20:50:00.000Z,OW,mg/l,CONCTTE,POINT (51.79685 4.12387)
locatiesmetlaatstewaarneming.fid-52f462e6_1a00bf9a57c_-439a,"Bruinisse Krammersluis sluis, Oosterschelde",bruinisse.krammersluis.oosterschelde.1,4.525,2026-08-16T20:50:00.000Z,OW,mS/m,GELDHD,POINT (51.661389 4.155639)
locatiesmetlaatstewaarneming.fid-52f462e6_1a00bf9a57c_-4399,Kornwerderzand IJsselmeer Middelgronden,kornwerderzand.ijsselmeer.middelgronden,0.043,2026-01-19T15:40:00.000Z,OW,mS/m,GELDHD,POINT (53.05167 5.3103)
locatiesmetlaatstewaarneming.fid-52f462e6_1a00bf9a57c_-4398,"Haringvliet, Kier1",haringvliet.1,126,2026-08-16T20:50:00.000Z,OW,mg/l,CONCTTE,POINT (51.79685 4.12387)
locatiesmetlaatstewaarneming.fid-52f462e6_1a00bf9a57c_-4397,"Bruinisse Krammersluis sluis, Oosterschelde",bruinisse.krammersluis.oosterschelde.1,4.635,2026-08-16T20:50:00.000Z,OW,mS/m,GELDHD,POINT (51.661389 4.155639)
locatiesmetlaatstewaarneming.fid-52f462e6_1a00bf9a57c_-4396,Kornwerderzand IJsselmeer Middelgronden,kornwerderzand.ijsselmeer.middelgronden,0.043,2026-01-19T15:40:00.000Z,OW,mS/m,GELDHD,POINT (53.05167 5.3103)
locatiesmetlaatstewaarneming.fid-52f462e6_1a00bf9a57c_-4395,Wijhe,wijhe,-8,2026-08-16T20:50:00.000Z,OW,cm,WATHTE,POINT (52.387 6.126917)
locatiesmetlaatstewaarneming.fid-52f462e6_1a00bf9a57c_-4394,"Bruinisse Krammersluis sluis, Oosterschelde",bruinisse.krammersluis.oosterschelde.1,4.648,2026-08-16T20:50:00.000Z,OW,mS/m,GELDHD,POINT (51.661389 4.155639)
locatiesmetlaatstewaarneming.fid-52f462e6_1a00bf9a57c_-4393,"Haringvliet, Kier1",haringvliet.1,127,2026-08-16T20:50:00.000Z,OW,mg/l,CONCTTE,POINT (51.79685 4.12387)
locatiesmetlaatstewaarneming.fid-52f462e6_1a00bf9a57c_-4392,Kornwerderzand IJsselmeer Middelgronden,kornwerderzand.ijsselmeer.middelgronden,0.046,2026-01-19T15:40:00.000Z,OW,mS/m,GELDHD,POINT (53.05167 5.3103)
locatiesmetlaatstewaarneming.fid-52f462e6_1a00bf9a57c_-4391,"Schiermonnikoog, Waddenzee",schiermonnikoog.waddenzee,1,2026-08-16T20:40:00.000Z,OW,cm,HTE3,POINT (53.468937 6.202908)
locatiesmetlaatstewaarneming.fid-52f462e6_1a00bf9a57c_-4390,Nieuwnamen Overloop van Valkenisse,nieuwnamen.overloopvanvalkenisse,190,2026-08-16T20:40:00.000Z,OW,Hz,Fp,POINT (51.369978 4.136497)
locatiesmetlaatstewaarneming.fid-52f462e6_1a00bf9a57c_-438f,Dordrecht Oude Maas 225,dordrecht.oudemaas.225,235.2,2026-08-16T20:50:00.000Z,OW,graad,STROOMRTG,POINT (51.804703 4.637617)
locatiesmetlaatstewaarneming.fid-52f462e6_1a00bf9a57c_-438e,Hoek van Holland Maeslantkering,hoekvanholland.maeslantkering,1.09,2026-08-16T20:50:00.000Z,LT,m/s,WINDSHD,POINT (51.953999 4.160046)
locatiesmetlaatstewaarneming.fid-52f462e6_1a00bf9a57c_-438d,"Stellendam, Haringvlietsluizen, schuif 8",stellendam.haringvlietsluizen.schuif8,0,2026-08-16T20:50:00.000Z,NVT,cm,HEFHTE,POINT (51.833166 4.05035)
locatiesmetlaatstewaarneming.fid-52f462e6_1a00bf9a57c_-438c,Dordrecht Oude Maas 030,dordrecht.oudemaas.030,0.221,2026-08-16T20:50:00.000Z,OW,m/s,STROOMSHD,POINT (51.803266 4.639222)
locatiesmetlaatstewaarneming.fid-52f462e6_1a00bf9a57c_-438b,"Rozenburgsesluis, zuidzijde",rozenburgsesluis.zuidzijde,64,2026-08-16T20:50:00.000Z,OW,cm,WATHTE,POINT (51.891244 4.229823)
locatiesmetlaatstewaarneming.fid-52f462e6_1a00bf9a57c_-438a,"Helmond, Gulden Aa, B",helmond.guldenaa.b,0,2026-08-16T20:50:00.000Z,OW,m3/s,Q,POINT (51.490731 5.652206)
locatiesmetlaatstewaarneming.fid-52f462e6_1a00bf9a57c_-4389,Vlissingen,vlissingen,2.57,2026-08-16T20:40:00.000Z,LT,m/s,WINDSHD,POINT (51.442 3.6)
locatiesmetlaatstewaarneming.fid-52f462e6_1a00bf9a57c_-4388,"Schiermonnikoog, Waddenzee",schiermonnikoog.waddenzee,490,2026-08-16T20:40:00.000Z,OW,Hz,Fp,POINT (53.468937 6.202908)
locatiesmetlaatstewaarneming.fid-52f462e6_1a00bf9a57c_-4387,"Markermeer, midden",markermeer.midden,21.6,2026-08-16T20:50:00.000Z,OW,oC,T,POINT (52.5317 5.23124)
locatiesmetlaatstewaarneming.fid-52f462e6_1a00bf9a57c_-4386,"Markermeer, midden",markermeer.midden,21.7,2026-08-16T20:50:00.000Z,OW,oC,T,POINT (52.5317 5.23124)
locatiesmetlaatstewaarneming.fid-52f462e6_1a00bf9a57c_-4385,Wierumergronden,wierumergronden,289.7,2026-08-16T20:50:00.000Z,LT,graad,WINDRTG,POINT (53.515827 5.958261)
locatiesmetlaatstewaarneming.fid-52f462e6_1a00bf9a57c_-4384,Den Hoorn Texel Waddenzee Gat van de Stier,denhoorntexel.waddenzee.gatvandestier,1,2026-08-16T20:40:00.000Z,OW,cm,HTE3,POINT (53 4.828333)
locatiesmetlaatstewaarneming.fid-52f462e6_1a00bf9a57c_-4383,"Oosterhout, Sluis 1, spuikanaal, klep rechts",oosterhout.sluis1.spuikanaal.kleprechts,0,2026-08-16T20:30:00.000Z,OW,m3/s,Q,POINT (51.643003 4.839742)
locatiesmetlaatstewaarneming.fid-52f462e6_1a00bf9a57c_-4382,Eierlandse Gat,eierlandsegat,6,2026-08-16T20:40:00.000Z,OW,cm,HTE3,POINT (53.2762 4.660347)
locatiesmetlaatstewaarneming.fid-52f462e6_1a00bf9a57c_-4381,"Beek en donk, sluis 6, boven",beekendonk.sluis6.boven,1505,2026-08-16T20:40:00.000Z,OW,cm,WATHTE,POINT (51.5369 5.6343)
locatiesmetlaatstewaarneming.fid-52f462e6_1a00bf9a57c_-4380,"Terneuzen, Sluiskilbrug",terneuzen.sluiskilbrug,2.928,2026-08-16T20:50:00.000Z,OW,mS/m,GELDHD,POINT (51.294 3.8354)
locatiesmetlaatstewaarneming.fid-52f462e6_1a00bf9a57c_-437f,"Panheel, sluis, inlaat",panheel.sluis.inlaat,0,2026-08-16T20:40:00.000Z,OW,m3/s,Q,POINT (51.176542 5.8563)
locatiesmetlaatstewaarneming.fid-52f462e6_1a00bf9a57c_-437e,"Terneuzen, Sluiskilbrug",terneuzen.sluiskilbrug,2.971,2026-08-16T20:50:00.000Z,OW,mS/m,GELDHD,POINT (51.294 3.8354)
locatiesmetlaatstewaarneming.fid-52f462e6_1a00bf9a57c_-437d,Brouwersdam Brouwershavense Gat 2,brouwersdam.brouwershavensegat.2,4.773,2026-08-16T20:50:00.000Z,OW,mS/m,GELDHD,POINT (51.766527 3.621747)
locatiesmetlaatstewaarneming.fid-52f462e6_1a00bf9a57c_-437c,Brouwersdam Brouwershavense Gat 2,brouwersdam.brouwershavensegat.2,4.387,2026-07-22T23:30:00.000Z,OW,mS/m,GELDHD,POINT (51.766527 3.621747)
locatiesmetlaatstewaarneming.fid-52f462e6_1a00bf9a57c_-437b,A12 platform,a12,86,2026-08-16T20:40:00.000Z,OW,cm,H1/10,POINT (55.383333 3.8)
locatiesmetlaatstewaarneming.fid-52f462e6_1a00bf9a57c_-437a,"IJgeul, 2",ijgeul.2,10.1,2026-08-16T20:40:00.000Z,OW,s,Tmax,POINT (52.492281 4.266748)
locatiesmetlaatstewaarneming.fid-52f462e6_1a00bf9a57c_-4379,Neer,neer,1416,2026-08-16T20:50:00.000Z,OW,cm,WATHTE,POINT (51.2604 6.0055)
locatiesmetlaatstewaarneming.fid-52f462e6_1a00bf9a57c_-4378,"Stellendam, Haringvlietsluizen, schuif 17",stellendam.haringvlietsluizen.schuif17,0,2026-08-16T20:50:00.000Z,NVT,cm,HEFHTE,POINT (51.829333 4.0452)
locatiesmetlaatstewaarneming.fid-52f462e6_1a00bf9a57c_-4377,"Schiermonnikoog, Waddenzee",schiermonnikoog.waddenzee,6,2026-08-16T20:40:00.000Z,OW,cm,H1/3,POINT (53.468937 6.202908)
locatiesmetlaatstewaarneming.fid-52f462e6_1a00bf9a57c_-4376,"Eefde, gemaal, aflaat 3",eefde.gemaal.aflaat3,0,2026-08-16T20:50:00.000Z,NVT,cm,HEFHTE,POINT (52.159592 6.234027)
locatiesmetlaatstewaarneming.fid-52f462e6_1a00bf9a57c_-4375,"IJgeul, 2",ijgeul.2,6.1,2026-08-16T20:40:00.000Z,OW,s,T1/3,POINT (52.492281 4.266748)
locatiesmetlaatstewaarneming.fid-52f462e6_1a00bf9a57c_-4374,Tilburg Sluis 3 kolk,tilburg.sluis3.kolk,0,2026-08-16T20:30:00.000Z,OW,m3/s,Q,POINT (51.58214439 5.03554064)
locatiesmetlaatstewaarneming.fid-52f462e6_1a00bf9a57c_-4373,Hansweert,hansweert,3.1,2026-08-16T20:40:00.000Z,OW,s,Tm02,POINT (51.44567 3.99744)
locatiesmetlaatstewaarneming.fid-52f462e6_1a00bf9a57c_-4372,Vlakte van de Raan,vlaktevanderaan,88.5,2026-08-16T20:50:00.000Z,LT,graad,WINDRTG,POINT (51.503721 3.242164)
locatiesmetlaatstewaarneming.fid-52f462e6_1a00bf9a57c_-4371,Oude Westereems noord boei 1,oude.westereems.noord.boei.1,31,2025-11-25T08:40:00.000Z,OW,graad,S0BH,POINT (53.51322518 6.677245577)
locatiesmetlaatstewaarneming.fid-52f462e6_1a00bf9a57c_-4370,Eierlandse Gat,eierlandsegat,56,2026-08-16T20:40:00.000Z,OW,cm,H1/3,POINT (53.2762 4.660347)
locatiesmetlaatstewaarneming.fid-52f462e6_1a00bf9a57c_-436f,Westervoort,westervoort,96.47,2026-08-16T20:50:00.000Z,OW,m3/s,Q,POINT (51.967031 5.954706)
locatiesmetlaatstewaarneming.fid-52f462e6_1a00bf9a57c_-436e,"Haghorst, sluis 4, boven",haghorst.sluis4.boven,1504,2026-08-16T20:50:00.000Z,OW,cm,WATHTE,POINT (51.498219 5.207719)
locatiesmetlaatstewaarneming.fid-52f462e6_1a00bf9a57c_-436d,"Goeree, lichteiland",goeree.lichteiland,33,2026-08-16T20:40:00.000Z,OW,cm,WATHTE,POINT (51.925034 3.668416)
locatiesmetlaatstewaarneming.fid-52f462e6_1a00bf9a57c_-436c,"Middelharnis, meetboei",middelharnis.meetboei,0.066,2026-08-16T20:50:00.000Z,OW,mS/m,GELDHD,POINT (51.776524 4.192119)
locatiesmetlaatstewaarneming.fid-52f462e6_1a00bf9a57c_-436b,"Middelharnis, meetboei",middelharnis.meetboei,0.063,2026-08-16T20:50:00.000Z,OW,mS/m,GELDHD,POINT (51.776524 4.192119)
locatiesmetlaatstewaarneming.fid-52f462e6_1a00bf9a57c_-436a,"Middelharnis, meetboei",middelharnis.meetboei,0.066,2026-08-16T20:50:00.000Z,OW,mS/m,GELDHD,POINT (51.776524 4.192119)
locatiesmetlaatstewaarneming.fid-52f462e6_1a00bf9a57c_-4369,Hoek van Holland Maeslantkering,hoekvanholland.maeslantkering,1.6,2026-08-16T20:50:00.000Z,LT,m/s,WINDSHD,POINT (51.953999 4.160046)
locatiesmetlaatstewaarneming.fid-52f462e6_1a00bf9a57c_-4368,"IJgeul, 2",ijgeul.2,4.5,2026-08-16T20:40:00.000Z,OW,s,Tm02,POINT (52.492281 4.266748)
locatiesmetlaatstewaarneming.fid-52f462e6_1a00bf9a57c_-4367,"Mierlo, Goorloop, gemaal",mierlo.goorloop.gemaal,0,2026-08-16T20:50:00.000Z,OW,m3/s,Q,POINT (51.456467 5.656469)
locatiesmetlaatstewaarneming.fid-52f462e6_1a00bf9a57c_-4366,"Oosterschelde, 11",oosterschelde.11,6,2026-08-16T20:40:00.000Z,OW,cm,HTE3,POINT (51.64329 3.480331)
locatiesmetlaatstewaarneming.fid-52f462e6_1a00bf9a57c_-4365,"Rotterdam, Brienenoordbrug",rotterdam.brienenoordbrug,23.5,2026-08-13T15:10:00.000Z,OW,oC,T,POINT (51.90525 4.542468)
locatiesmetlaatstewaarneming.fid-52f462e6_1a00bf9a57c_-4364,"Rotterdam, Brienenoordbrug",rotterdam.brienenoordbrug,23,2026-08-16T20:50:00.000Z,OW,oC,T,POINT (51.90525 4.542468)
locatiesmetlaatstewaarneming.fid-52f462e6_1a00bf9a57c_-4363,"Rilland, Antwerps kanaalpand",rilland.antwerpskanaalpand,199,2026-08-16T20:50:00.000Z,OW,cm,WATHTE,POINT (51.405709 4.237887)
locatiesmetlaatstewaarneming.fid-52f462e6_1a00bf9a57c_-4362,"Veghel, sluis 4, beneden",veghel.sluis4.beneden,858,2026-08-16T20:40:00.000Z,OW,cm,WATHTE,POINT (51.60915 5.5306)
locatiesmetlaatstewaarneming.fid-52f462e6_1a00bf9a57c_-4361,"Goeree, lichteiland",goeree.lichteiland,0,2026-08-16T20:50:00.000Z,OW,cm,WATHTE,POINT (51.925034 3.668416)
locatiesmetlaatstewaarneming.fid-52f462e6_1a00bf9a57c_-4360,A12 platform,a12,67,2026-08-16T20:40:00.000Z,OW,cm,Hm0,POINT (55.383333 3.8)
locatiesmetlaatstewaarneming.fid-52f462e6_1a00bf9a57c_-435f,"IJgeul, 2",ijgeul.2,5.3,2026-08-16T20:40:00.000Z,OW,s,Tm-10,POINT (52.492281 4.266748)
locatiesmetlaatstewaarneming.fid-52f462e6_1a00bf9a57c_-435e,Hansweert,hansweert,4.6,2026-08-16T20:40:00.000Z,OW,s,T1/3,POINT (51.44567 3.99744)
locatiesmetlaatstewaarneming.fid-52f462e6_1a00bf9a57c_-435d,Genemuiden,genemuiden,1.77,2026-08-16T20:50:00.000Z,OW,m3/s,Q,POINT (52.633395 6.033154)
locatiesmetlaatstewaarneming.fid-52f462e6_1a00bf9a57c_-435c,"Lierop, sluis 10, boven",lierop.sluis10.boven,2260,2026-08-16T20:40:00.000Z,OW,cm,WATHTE,POINT (51.415639 5.713889)
locatiesmetlaatstewaarneming.fid-52f462e6_1a00bf9a57c_-435b,"Krimpen aan de IJssel, Hollandsche IJssel",krimpenaandeijssel.hollandscheijssel,0.692,2026-08-16T20:50:00.000Z,OW,mS/m,GELDHD,POINT (51.9165 4.579)
locatiesmetlaatstewaarneming.fid-52f462e6_1a00bf9a57c_-435a,"Krimpen aan de IJssel, Hollandsche IJssel",krimpenaandeijssel.hollandscheijssel,0.71,2026-08-16T20:50:00.000Z,OW,mS/m,GELDHD,POINT (51.9165 4.579)
locatiesmetlaatstewaarneming.fid-52f462e6_1a00bf9a57c_-4359,"Schiermonnikoog, Waddenzee",schiermonnikoog.waddenzee,3,2026-08-16T20:40:00.000Z,OW,cm,Hm0,POINT (53.468937 6.202908)
locatiesmetlaatstewaarneming.fid-52f462e6_1a00bf9a57c_-4358,Willemstad Volkeraksluizen gat3,willemstad.volkeraksluizen.schuif3,16.04,2026-08-16T20:50:00.000Z,OW,m3/s,Q,POINT (51.691823 4.402275)
locatiesmetlaatstewaarneming.fid-52f462e6_1a00bf9a57c_-4357,"Stellendam, buiten",stellendam.buiten,22.9,2026-08-16T20:50:00.000Z,OW,oC,T,POINT (51.8317 4.042533)
locatiesmetlaatstewaarneming.fid-52f462e6_1a00bf9a57c_-4356,Bruinisse Grevelingensluis,bruinisse.grevelingensluis,2.08,2026-08-16T20:50:00.000Z,LT,m/s,WINDSHD,POINT (51.666611 4.095666)
locatiesmetlaatstewaarneming.fid-52f462e6_1a00bf9a57c_-4355,"Werkendam, Kleine Zalm",werkendam.kleinezalm,21,2026-08-16T20:40:00.000Z,OW,cm,WATHTE,POINT (51.761722 4.821139)
locatiesmetlaatstewaarneming.fid-52f462e6_1a00bf9a57c_-4354,"Stellendam, buiten",stellendam.buiten,22.7,2026-08-16T20:50:00.000Z,OW,oC,T,POINT (51.8317 4.042533)
locatiesmetlaatstewaarneming.fid-52f462e6_1a00bf9a57c_-4353,"IJgeul, 2",ijgeul.2,6.2,2026-08-16T20:40:00.000Z,OW,s,T_Hmax,POINT (52.492281 4.266748)
locatiesmetlaatstewaarneming.fid-52f462e6_1a00bf9a57c_-4352,"Vlieland, haven",vlieland.haven,-8,2026-08-16T20:50:00.000Z,OW,cm,WATHTE,POINT (53.296127 5.091456)
locatiesmetlaatstewaarneming.fid-52f462e6_1a00bf9a57c_-4351,"Oosterschelde, 11",oosterschelde.11,28,2026-08-16T20:40:00.000Z,OW,cm,H1/3,POINT (51.64329 3.480331)
locatiesmetlaatstewaarneming.fid-52f462e6_1a00bf9a57c_-4350,"Nieuwegein, lekkanaal",nieuwegein.lekkanaal,2,2026-08-16T20:50:00.000Z,OW,m3/s,Q,POINT (52.022729 5.113007)
locatiesmetlaatstewaarneming.fid-52f462e6_1a00bf9a57c_-434f,Sas van Gent,sasvangent,6.54,2026-08-16T20:50:00.000Z,OW,mg/l,CONCTTE,POINT (51.230267 3.807499)
locatiesmetlaatstewaarneming.fid-52f462e6_1a00bf9a57c_-434e,"Stellendam, Haringvlietsluizen, schuif 1",stellendam.haringvlietsluizen.schuif1,1.1,2026-08-16T20:50:00.000Z,LT,m/s,WINDSHD,POINT (51.836166 4.054383)
locatiesmetlaatstewaarneming.fid-52f462e6_1a00bf9a57c_-434d,"IJgeul, 2",ijgeul.2,5.3,2026-08-16T20:40:00.000Z,OW,s,T_H1/3,POINT (52.492281 4.266748)
locatiesmetlaatstewaarneming.fid-52f462e6_1a00bf9a57c_-434c,Den Helder Waddenzee Monding Nieuwe Haven,denhelder.waddenzee.mondingnieuwehaven,21.8,2026-08-16T20:50:00.000Z,OW,oC,T,POINT (52.967226 4.793579)
locatiesmetlaatstewaarneming.fid-52f462e6_1a00bf9a57c_-434b,Kats Zandkreeksluis buiten,kats.zandkreeksluis.buiten,120.4,2026-08-16T20:50:00.000Z,LT,graad,WINDRTG,POINT (51.54397 3.85925)
locatiesmetlaatstewaarneming.fid-52f462e6_1a00bf9a57c_-434a,"Werkendam, Vogelenzang",werkendam.vogelenzang,22,2026-08-16T20:40:00.000Z,OW,cm,WATHTE,POINT (51.769167 4.836139)
locatiesmetlaatstewaarneming.fid-52f462e6_1a00bf9a57c_-4349,"Terneuzen, westsluis, buiten",terneuzen.westsluis.buiten,1018,2026-08-16T20:50:00.000Z,OW,kg/m3,DICHTHD,POINT (51.337472 3.812564)
locatiesmetlaatstewaarneming.fid-52f462e6_1a00bf9a57c_-4348,L9,l9,5,2026-08-15T16:40:00.000Z,OW,s,Tm-10,POINT (53.616667 4.966667)
locatiesmetlaatstewaarneming.fid-52f462e6_1a00bf9a57c_-4347,"Terneuzen, westsluis, buiten",terneuzen.westsluis.buiten,1019,2026-08-16T20:50:00.000Z,OW,kg/m3,DICHTHD,POINT (51.337472 3.812564)
locatiesmetlaatstewaarneming.fid-52f462e6_1a00bf9a57c_-4346,Panheel boven,panheel.sluis.boven,2870,2026-08-16T20:50:00.000Z,OW,cm,WATHTE,POINT (51.176126 5.856013)
locatiesmetlaatstewaarneming.fid-52f462e6_1a00bf9a57c_-4345,"Lemmer, IJsselmeer",lemmer.ijsselmeer,-31,2026-08-16T20:50:00.000Z,OW,cm,WATHTE,POINT (52.838 5.71)
locatiesmetlaatstewaarneming.fid-52f462e6_1a00bf9a57c_-4344,"IJgeul, 2",ijgeul.2,5,2026-08-16T20:40:00.000Z,OW,s,Tm-10,POINT (52.492281 4.266748)
locatiesmetlaatstewaarneming.fid-52f462e6_1a00bf9a57c_-4343,"Stavenisse, keeten",stavenisse.keeten,480,2026-08-16T20:40:00.000Z,OW,Hz,Fp,POINT (51.60037 4.015242)
locatiesmetlaatstewaarneming.fid-52f462e6_1a00bf9a57c_-4342,"Stellendam, Haringvlietsluizen, schuif 1",stellendam.haringvlietsluizen.schuif1,0,2026-03-31T09:00:00.000Z,NVT,cm,HEFHTE,POINT (51.836166 4.054383)
locatiesmetlaatstewaarneming.fid-52f462e6_1a00bf9a57c_-4341,Velserkom,velsen.velserkom,4528,2026-08-16T20:50:00.000Z,OW,mg/l,CONCTTE,POINT (52.467611 4.623665)
locatiesmetlaatstewaarneming.fid-52f462e6_1a00bf9a57c_-4340,"Bruinisse Krammersluis sluis, Oosterschelde",bruinisse.krammersluis.oosterschelde.1,22.8,2026-08-16T20:50:00.000Z,OW,oC,T,POINT (51.661389 4.155639)
locatiesmetlaatstewaarneming.fid-52f462e6_1a00bf9a57c_-433f,Velserkom,velsen.velserkom,4999,2026-08-16T20:50:00.000Z,OW,mg/l,CONCTTE,POINT (52.467611 4.623665)
locatiesmetlaatstewaarneming.fid-52f462e6_1a00bf9a57c_-433e,"Oosterschelde, 11",oosterschelde.11,27,2026-08-16T20:40:00.000Z,OW,cm,Hm0,POINT (51.64329 3.480331)
locatiesmetlaatstewaarneming.fid-52f462e6_1a00bf9a57c_-433d,"Bruinisse Krammersluis sluis, Oosterschelde",bruinisse.krammersluis.oosterschelde.1,22.7,2026-08-16T20:50:00.000Z,OW,oC,T,POINT (51.661389 4.155639)
locatiesmetlaatstewaarneming.fid-52f462e6_1a00bf9a57c_-433c,Velserkom,velsen.velserkom,13939,2026-08-16T20:50:00.000Z,OW,mg/l,CONCTTE,POINT (52.467611 4.623665)
locatiesmetlaatstewaarneming.fid-52f462e6_1a00bf9a57c_-433b,"Bruinisse Krammersluis sluis, Oosterschelde",bruinisse.krammersluis.oosterschelde.1,22.7,2026-08-16T20:50:00.000Z,OW,oC,T,POINT (51.661389 4.155639)
locatiesmetlaatstewaarneming.fid-52f462e6_1a00bf9a57c_-433a,Velserkom,velsen.velserkom,4848,2026-08-16T20:50:00.000Z,OW,mg/l,CONCTTE,POINT (52.467611 4.623665)
locatiesmetlaatstewaarneming.fid-52f462e6_1a00bf9a57c_-4339,"Bruinisse Krammersluis sluis, Oosterschelde",bruinisse.krammersluis.oosterschelde.1,22.6,2026-08-16T20:50:00.000Z,OW,oC,T,POINT (51.661389 4.155639)
locatiesmetlaatstewaarneming.fid-52f462e6_1a00bf9a57c_-4338,Velserkom,velsen.velserkom,7024,2026-08-16T20:50:00.000Z,OW,mg/l,CONCTTE,POINT (52.467611 4.623665)
locatiesmetlaatstewaarneming.fid-52f462e6_1a00bf9a57c_-4337,"Bruinisse Krammersluis sluis, Oosterschelde",bruinisse.krammersluis.oosterschelde.1,22.6,2026-08-16T20:50:00.000Z,OW,oC,T,POINT (51.661389 4.155639)
locatiesmetlaatstewaarneming.fid-52f462e6_1a00bf9a57c_-4336,"Spaarndam, Zijkanaal C",spaarndam.zijkanaalc,1.178,2026-08-16T20:50:00.000Z,OW,mS/m,GELDHD,POINT (52.420077 4.693508)
locatiesmetlaatstewaarneming.fid-52f462e6_1a00bf9a57c_-4335,Huibertgat,huibertgat,-115,2026-08-16T20:50:00.000Z,OW,cm,WATHTE,POINT (53.57375 6.398433)
locatiesmetlaatstewaarneming.fid-52f462e6_1a00bf9a57c_-4334,"Spaarndam, Zijkanaal C",spaarndam.zijkanaalc,1.225,2026-08-16T20:50:00.000Z,OW,mS/m,GELDHD,POINT (52.420077 4.693508)
locatiesmetlaatstewaarneming.fid-52f462e6_1a00bf9a57c_-4333,L9,l9,11.4,2026-08-15T16:40:00.000Z,OW,s,Tmax,POINT (53.616667 4.966667)
locatiesmetlaatstewaarneming.fid-52f462e6_1a00bf9a57c_-4332,Bruinisse Grevelingensluis,bruinisse.grevelingensluis,2.84,2026-08-16T20:50:00.000Z,LT,m/s,WINDSHD,POINT (51.666611 4.095666)
locatiesmetlaatstewaarneming.fid-52f462e6_1a00bf9a57c_-4331,"Oosterschelde, 4",oosterschelde.4,23.2,2026-08-16T20:50:00.000Z,LT,graad,WINDRTG,POINT (51.65514 3.69342)
locatiesmetlaatstewaarneming.fid-52f462e6_1a00bf9a57c_-4330,Makkum sluis buiten,makkum.sluis.buiten,22.9,2026-08-16T20:40:00.000Z,OW,oC,T,POINT (53.05451 5.40223)
locatiesmetlaatstewaarneming.fid-52f462e6_1a00bf9a57c_-432f,Stavoren IJsselmeer,stavoren.ijsselmeer,3.11,2026-08-16T20:40:00.000Z,LT,m/s,WINDSHD,POINT (52.853469 5.32634)
locatiesmetlaatstewaarneming.fid-52f462e6_1a00bf9a57c_-432e,"Rilland, Bathsebrug",rilland.bathsebrug,0.175,2026-08-16T20:50:00.000Z,OW,mS/m,GELDHD,POINT (51.42503 4.231181)
locatiesmetlaatstewaarneming.fid-52f462e6_1a00bf9a57c_-432d,Maasgeul 2,maasgeul.2,5,2026-08-16T20:40:00.000Z,OW,cm,HTE3,POINT (51.99386 4.00326)
locatiesmetlaatstewaarneming.fid-52f462e6_1a00bf9a57c_-432c,Berkhout,berkhout,1.46,2026-08-16T20:40:00.000Z,LT,m/s,WINDSHD,POINT (52.649231 4.982047)
locatiesmetlaatstewaarneming.fid-52f462e6_1a00bf9a57c_-432b,"Rilland, Bathsebrug",rilland.bathsebrug,0.174,2026-08-16T20:50:00.000Z,OW,mS/m,GELDHD,POINT (51.42503 4.231181)
locatiesmetlaatstewaarneming.fid-52f462e6_1a00bf9a57c_-432a,"Stellendam, Haringvlietsluizen, schuif 1",stellendam.haringvlietsluizen.schuif1,2.2,2026-08-16T20:50:00.000Z,LT,m/s,WINDSHD,POINT (51.836166 4.054383)
locatiesmetlaatstewaarneming.fid-52f462e6_1a00bf9a57c_-4329,L9,l9,5,2026-08-15T16:50:00.000Z,OW,s,T_H1/3,POINT (53.616667 4.966667)
locatiesmetlaatstewaarneming.fid-52f462e6_1a00bf9a57c_-4328,"Haringvliet, Kier4",haringvliet.4,0.09,2026-08-16T20:50:00.000Z,OW,mS/m,GELDHD,POINT (51.82039 4.07514)
locatiesmetlaatstewaarneming.fid-52f462e6_1a00bf9a57c_-4327,"Haringvliet, Kier4",haringvliet.4,0.092,2026-08-16T20:50:00.000Z,OW,mS/m,GELDHD,POINT (51.82039 4.07514)
locatiesmetlaatstewaarneming.fid-52f462e6_1a00bf9a57c_-4326,"Ameland, Nes",ameland.nes,21,2026-08-16T20:50:00.000Z,OW,oC,T,POINT (53.429766 5.759448)
locatiesmetlaatstewaarneming.fid-52f462e6_1a00bf9a57c_-4325,"Haringvliet, Kier4",haringvliet.4,0.097,2026-08-16T20:50:00.000Z,OW,mS/m,GELDHD,POINT (51.82039 4.07514)
locatiesmetlaatstewaarneming.fid-52f462e6_1a00bf9a57c_-4324,"Haringvliet, Kier4",haringvliet.4,21.5,2026-08-16T20:50:00.000Z,OW,oC,T,POINT (51.82039 4.07514)
locatiesmetlaatstewaarneming.fid-52f462e6_1a00bf9a57c_-4323,"Haringvliet, Kier4",haringvliet.4,21.4,2026-08-16T20:50:00.000Z,OW,oC,T,POINT (51.82039 4.07514)
locatiesmetlaatstewaarneming.fid-52f462e6_1a00bf9a57c_-4322,"Haringvliet, Kier4",haringvliet.4,21.4,2026-08-16T20:50:00.000Z,OW,oC,T,POINT (51.82039 4.07514)
locatiesmetlaatstewaarneming.fid-52f462e6_1a00bf9a57c_-4321,"Markermeer, midden",markermeer.midden,3.65,2026-08-16T20:50:00.000Z,LT,m/s,WINDSHD,POINT (52.5317 5.23124)
locatiesmetlaatstewaarneming.fid-52f462e6_1a00bf9a57c_-4320,"'s-Hertogenbosch, Poeldonk, aa",shertogenbosch.poeldonk.aa,0,2026-08-16T19:30:00.000Z,OW,m3/s,Q,POINT (51.683645 5.353944)
locatiesmetlaatstewaarneming.fid-52f462e6_1a00bf9a57c_-431f,"Stortemelk, west",stortemelk.west,29,2025-11-25T08:40:00.000Z,OW,graad,S0BH,POINT (53.320717 4.995998)
locatiesmetlaatstewaarneming.fid-52f462e6_1a00bf9a57c_-431e,Maasgeul 2,maasgeul.2,43,2026-08-16T20:40:00.000Z,OW,cm,Hm0,POINT (51.99386 4.00326)
locatiesmetlaatstewaarneming.fid-52f462e6_1a00bf9a57c_-431d,"Schiermonnikoog, Waddenzee",schiermonnikoog.waddenzee,-131,2026-08-16T20:50:00.000Z,OW,cm,WATHTE,POINT (53.468937 6.202908)
locatiesmetlaatstewaarneming.fid-52f462e6_1a00bf9a57c_-431c,Megen Dorp,megen.maas,0.025,2026-08-16T20:50:00.000Z,OW,m/s,STROOMSHD,POINT (51.827827 5.563091)
locatiesmetlaatstewaarneming.fid-52f462e6_1a00bf9a57c_-431b,"Amsterdam, Schellingwouderbrug",amsterdam.schellingwouderbrug,-31,2026-08-16T20:50:00.000Z,OW,cm,WATHTE,POINT (52.378673 4.967545)
locatiesmetlaatstewaarneming.fid-52f462e6_1a00bf9a57c_-431a,"Nieuwegein, Doorslag",nieuwegein.doorslag,7.55,2026-08-16T19:50:00.000Z,OW,m3/s,Q,POINT (52.0323 5.089851)
locatiesmetlaatstewaarneming.fid-52f462e6_1a00bf9a57c_-4319,Burgum Burgumerdaam boezem,burgum.burgumerdaam.boezem,-47,2026-08-16T20:40:00.000Z,OW,cm,WATHTE,POINT (53.18486 6.00312)
locatiesmetlaatstewaarneming.fid-52f462e6_1a00bf9a57c_-4318,L9,l9,5.9,2026-08-16T06:10:00.000Z,OW,s,T1/3,POINT (53.616667 4.966667)
locatiesmetlaatstewaarneming.fid-52f462e6_1a00bf9a57c_-4317,Almen,almen,-17.13,2026-08-16T20:50:00.000Z,OW,m3/s,Q,POINT (52.165824 6.28472)
locatiesmetlaatstewaarneming.fid-52f462e6_1a00bf9a57c_-4316,"Schouwenbank, 1",schouwenbank.1,31,2025-11-25T08:40:00.000Z,OW,graad,S0BH,POINT (51.745871 3.305423)
locatiesmetlaatstewaarneming.fid-52f462e6_1a00bf9a57c_-4315,"Den Oever, spuisluis, binnen",denoever.spuisluis.binnen,21.4,2026-08-16T20:50:00.000Z,OW,oC,T,POINT (52.936311 5.052922)
locatiesmetlaatstewaarneming.fid-52f462e6_1a00bf9a57c_-4314,"Markermeer, midden",markermeer.midden,3.04,2026-08-16T20:50:00.000Z,LT,m/s,WINDSHD,POINT (52.5317 5.23124)
locatiesmetlaatstewaarneming.fid-52f462e6_1a00bf9a57c_-4313,"Den Oever, spuisluis, binnen",denoever.spuisluis.binnen,22.1,2026-08-16T20:50:00.000Z,OW,oC,T,POINT (52.936311 5.052922)
locatiesmetlaatstewaarneming.fid-52f462e6_1a00bf9a57c_-4312,"Den Oever, spuisluis, binnen",denoever.spuisluis.binnen,21.7,2026-08-16T20:50:00.000Z,OW,oC,T,POINT (52.936311 5.052922)
locatiesmetlaatstewaarneming.fid-52f462e6_1a00bf9a57c_-4311,"Den Oever, spuisluis, binnen",denoever.spuisluis.binnen,21.7,2026-08-16T20:50:00.000Z,OW,oC,T,POINT (52.936311 5.052922)
locatiesmetlaatstewaarneming.fid-52f462e6_1a00bf9a57c_-4310,Maasgeul 2,maasgeul.2,41,2026-08-16T20:40:00.000Z,OW,cm,H1/3,POINT (51.99386 4.00326)
locatiesmetlaatstewaarneming.fid-52f462e6_1a00bf9a57c_-430f,Kralendijk Plazabeach Terminal,kralendijk.plazabeachterminal,-36,2026-02-27T13:40:00.000Z,OW,cm,WATHTE,POINT (12.149638 -68.277813)
locatiesmetlaatstewaarneming.fid-52f462e6_1a00bf9a57c_-430e,"IJGeul, 1",ijgeul.1,0.581,2026-08-16T20:50:00.000Z,OW,m/s,STROOMSHD,POINT (52.463943 4.517596)
locatiesmetlaatstewaarneming.fid-52f462e6_1a00bf9a57c_-430d,Megen Dorp,megen.maas,32.1,2026-08-16T20:50:00.000Z,OW,m3/s,Q,POINT (51.827827 5.563091)
locatiesmetlaatstewaarneming.fid-52f462e6_1a00bf9a57c_-430c,L9,l9,4,2026-08-15T16:40:00.000Z,OW,s,Tm02,POINT (53.616667 4.966667)
locatiesmetlaatstewaarneming.fid-52f462e6_1a00bf9a57c_-430b,Bruinisse Krammersluis laagbekken,bruinisse.krammersluis.laagbekken,16429,2026-08-16T20:50:00.000Z,OW,mg/l,CONCTTE,POINT (51.658109 4.160037)
locatiesmetlaatstewaarneming.fid-52f462e6_1a00bf9a57c_-430a,Bruinisse Krammersluis laagbekken,bruinisse.krammersluis.laagbekken,16494,2026-08-16T20:50:00.000Z,OW,mg/l,CONCTTE,POINT (51.658109 4.160037)
